codigo_iso3,codigo_m49,pais,area_codigo,pib_usd,anio_pib,fuente,indicador_fuente,estado_revision,observaciones
AFG,004,Afghanistan,SAI,17778508875.7396,2024.0,Banco Mundial WDI,NY.GDP.MKTP.CD,OK,
ALB,008,Albania,EUR,27037474263.2977,2024.0,Banco Mundial WDI,NY.GDP.MKTP.CD,OK,
DZA,012,Algeria,AFR,269322281664.773,2024.0,Banco Mundial WDI,NY.GDP.MKTP.CD,OK,
ASM,016,American Samoa,APC,,,Banco Mundial WDI,NY.GDP.MKTP.CD,REVISAR,Sin dato comparable 2024/2023 en WDI.
AND,020,Andorra,EUR,4044249678.65625,2024.0,Banco Mundial WDI,NY.GDP.MKTP.CD,OK,
AGO,024,Angola,AFR,103080538044.058,2024.0,Banco Mundial WDI,NY.GDP.MKTP.CD,OK,
ATG,028,Antigua and Barbuda,NAC,2162366666.66667,2024.0,Banco Mundial WDI,NY.GDP.MKTP.CD,OK,
AZE,031,Azerbaijan,RUE,74426000000.0,2024.0,Banco Mundial WDI,NY.GDP.MKTP.CD,OK,
ARG,032,Argentina,SAM,638365455340.04,2024.0,Banco Mundial WDI,NY.GDP.MKTP.CD,OK,
AUS,036,Australia,APC,1757022451652.83,2024.0,Banco Mundial WDI,NY.GDP.MKTP.CD,OK,
AUT,040,Austria,EUR,534790720466.822,2024.0,Banco Mundial WDI,NY.GDP.MKTP.CD,OK,
BHS,044,Bahamas,NAC,15832800000.0,2024.0,Banco Mundial WDI,NY.GDP.MKTP.CD,OK,
BHR,048,Bahrain,MDE,47210732712.766,2024.0,Banco Mundial WDI,NY.GDP.MKTP.CD,OK,
BGD,050,Bangladesh,SAI,450119432068.852,2024.0,Banco Mundial WDI,NY.GDP.MKTP.CD,OK,
ARM,051,Armenia,RUE,25955275380.0321,2024.0,Banco Mundial WDI,NY.GDP.MKTP.CD,OK,
BRB,052,Barbados,NAC,7597571450.0,2024.0,Banco Mundial WDI,NY.GDP.MKTP.CD,OK,
BEL,056,Belgium,EUR,670983130618.828,2024.0,Banco Mundial WDI,NY.GDP.MKTP.CD,OK,
BMU,060,Bermuda,NAC,9194499000.0,2024.0,Banco Mundial WDI,NY.GDP.MKTP.CD,OK,
BTN,064,Bhutan,SAI,3346603858.7495,2024.0,Banco Mundial WDI,NY.GDP.MKTP.CD,OK,
BOL,068,Bolivia,SAM,54881327452.9667,2024.0,Banco Mundial WDI,NY.GDP.MKTP.CD,OK,
BIH,070,Bosnia and Herzegovina,EUR,29737363103.0492,2024.0,Banco Mundial WDI,NY.GDP.MKTP.CD,OK,
BWA,072,Botswana,AFR,19286251067.5078,2024.0,Banco Mundial WDI,NY.GDP.MKTP.CD,OK,
BRA,076,Brazil,SAM,2185821610689.31,2024.0,Banco Mundial WDI,NY.GDP.MKTP.CD,OK,
BLZ,084,Belize,NAC,3203631800.0,2024.0,Banco Mundial WDI,NY.GDP.MKTP.CD,OK,
IOT,086,British Indian Ocean Territory,AFR,,,Banco Mundial WDI,NY.GDP.MKTP.CD,REVISAR,Sin dato comparable 2024/2023 en WDI.
SLB,090,Solomon Islands,APC,1583964703.75061,2024.0,Banco Mundial WDI,NY.GDP.MKTP.CD,OK,
VGB,092,"Virgin Islands, British",NAC,,,Banco Mundial WDI,NY.GDP.MKTP.CD,REVISAR,Sin dato comparable 2024/2023 en WDI.
BRN,096,Brunéi,APC,15340808592.48,2024.0,Banco Mundial WDI,NY.GDP.MKTP.CD,OK,
BGR,100,Bulgaria,EUR,113349149166.793,2024.0,Banco Mundial WDI,NY.GDP.MKTP.CD,OK,
MMR,104,Myanmar,APC,74068349523.8095,2024.0,Banco Mundial WDI,NY.GDP.MKTP.CD,OK,
BDI,108,Burundi,AFR,3037579858.38142,2024.0,Banco Mundial WDI,NY.GDP.MKTP.CD,OK,
BLR,112,Belarus,RUE,78591839299.7087,2024.0,Banco Mundial WDI,NY.GDP.MKTP.CD,OK,
KHM,116,Cambodia,APC,46352647037.2406,2024.0,Banco Mundial WDI,NY.GDP.MKTP.CD,OK,
CMR,120,Cameroon,AFR,53296694320.2057,2024.0,Banco Mundial WDI,NY.GDP.MKTP.CD,OK,
CAN,124,Canada,NAC,2270076189683.46,2024.0,Banco Mundial WDI,NY.GDP.MKTP.CD,OK,
CPV,132,Cabo Verde,AFR,2713721857.39153,2024.0,Banco Mundial WDI,NY.GDP.MKTP.CD,OK,
CYM,136,Cayman Islands,NAC,7765336505.34319,2024.0,Banco Mundial WDI,NY.GDP.MKTP.CD,OK,
CAF,140,Central African Republic,AFR,2751494281.06887,2024.0,Banco Mundial WDI,NY.GDP.MKTP.CD,OK,
LKA,144,Sri Lanka,SAI,99616111265.7633,2024.0,Banco Mundial WDI,NY.GDP.MKTP.CD,OK,
TCD,148,Chad,AFR,19906706689.7582,2024.0,Banco Mundial WDI,NY.GDP.MKTP.CD,OK,
CHL,152,Chile,SAM,329260633698.726,2024.0,Banco Mundial WDI,NY.GDP.MKTP.CD,OK,
CHN,156,China,CHN,18729668435848.0,2024.0,Banco Mundial WDI,NY.GDP.MKTP.CD,OK,WDI reporta CHN separado; revisar consistencia con HKG/MAC.
TWN,158,"Taiwan, Province of China",APC,,,Banco Mundial WDI,NY.GDP.MKTP.CD,REVISAR,Sin dato comparable 2024/2023 en WDI. WDI no publica valor separado en esta extraccion; queda ausente.
CXR,162,Christmas Island,APC,,,Banco Mundial WDI,NY.GDP.MKTP.CD,REVISAR,Sin dato comparable 2024/2023 en WDI.
CCK,166,Cocos (Keeling) Islands,APC,,,Banco Mundial WDI,NY.GDP.MKTP.CD,REVISAR,Sin dato comparable 2024/2023 en WDI.
COL,170,Colombia,SAM,420504033143.211,2024.0,Banco Mundial WDI,NY.GDP.MKTP.CD,OK,
COM,174,Comoros,AFR,1610082688.26617,2024.0,Banco Mundial WDI,NY.GDP.MKTP.CD,OK,
MYT,175,Mayotte,AFR,,,Banco Mundial WDI,NY.GDP.MKTP.CD,REVISAR,Sin dato comparable 2024/2023 en WDI.
COG,178,Congo,AFR,15719986076.6464,2024.0,Banco Mundial WDI,NY.GDP.MKTP.CD,OK,
COD,180,"Congo, The Democratic Republic of the",AFR,75716176105.0704,2024.0,Banco Mundial WDI,NY.GDP.MKTP.CD,OK,
COK,184,Cook Islands,APC,,,Banco Mundial WDI,NY.GDP.MKTP.CD,REVISAR,Sin dato comparable 2024/2023 en WDI.
CRI,188,Costa Rica,NAC,96715644330.6612,2024.0,Banco Mundial WDI,NY.GDP.MKTP.CD,OK,
HRV,191,Croatia,EUR,92981894167.9687,2024.0,Banco Mundial WDI,NY.GDP.MKTP.CD,OK,
CUB,192,Cuba,NAC,,,Banco Mundial WDI,NY.GDP.MKTP.CD,REVISAR,Sin dato comparable 2024/2023 en WDI.
CYP,196,Cyprus,EUR,37634551820.7367,2024.0,Banco Mundial WDI,NY.GDP.MKTP.CD,OK,
CZE,203,Chequia,EUR,347082562221.377,2024.0,Banco Mundial WDI,NY.GDP.MKTP.CD,OK,
BEN,204,Benin,AFR,21482643706.4249,2024.0,Banco Mundial WDI,NY.GDP.MKTP.CD,OK,
DNK,208,Denmark,EUR,424524722037.047,2024.0,Banco Mundial WDI,NY.GDP.MKTP.CD,OK,
DMA,212,Dominica,NAC,688881481.481481,2024.0,Banco Mundial WDI,NY.GDP.MKTP.CD,OK,
DOM,214,Dominican Republic,NAC,124282245638.568,2024.0,Banco Mundial WDI,NY.GDP.MKTP.CD,OK,
ECU,218,Ecuador,SAM,123802374000.0,2024.0,Banco Mundial WDI,NY.GDP.MKTP.CD,OK,
SLV,222,El Salvador,NAC,34879730000.0,2024.0,Banco Mundial WDI,NY.GDP.MKTP.CD,OK,
GNQ,226,Equatorial Guinea,AFR,13254388261.1258,2024.0,Banco Mundial WDI,NY.GDP.MKTP.CD,OK,
ETH,231,Ethiopia,AFR,149740297952.375,2024.0,Banco Mundial WDI,NY.GDP.MKTP.CD,OK,
ERI,232,Eritrea,AFR,,,Banco Mundial WDI,NY.GDP.MKTP.CD,REVISAR,Sin dato comparable 2024/2023 en WDI.
EST,233,Estonia,EUR,43130419829.35,2024.0,Banco Mundial WDI,NY.GDP.MKTP.CD,OK,
FRO,234,Faroe Islands,EUR,4052937169.76536,2024.0,Banco Mundial WDI,NY.GDP.MKTP.CD,OK,
FLK,238,Falkland Islands (Malvinas),SAM,,,Banco Mundial WDI,NY.GDP.MKTP.CD,REVISAR,Sin dato comparable 2024/2023 en WDI.
FJI,242,Fiji,APC,5968125909.27126,2024.0,Banco Mundial WDI,NY.GDP.MKTP.CD,OK,
FIN,246,Finland,EUR,298729432711.719,2024.0,Banco Mundial WDI,NY.GDP.MKTP.CD,OK,
ALA,248,Åland Islands,EUR,,,Banco Mundial WDI,NY.GDP.MKTP.CD,REVISAR,Sin dato comparable 2024/2023 en WDI.
FRA,250,France,EUR,3160442622465.08,2024.0,Banco Mundial WDI,NY.GDP.MKTP.CD,OK,
GUF,254,French Guiana,SAM,,,Banco Mundial WDI,NY.GDP.MKTP.CD,REVISAR,Sin dato comparable 2024/2023 en WDI.
PYF,258,French Polynesia,APC,6323716355.05009,2024.0,Banco Mundial WDI,NY.GDP.MKTP.CD,OK,
DJI,262,Djibouti,AFR,4152145939.98458,2024.0,Banco Mundial WDI,NY.GDP.MKTP.CD,OK,
GAB,266,Gabon,AFR,20895684425.6752,2024.0,Banco Mundial WDI,NY.GDP.MKTP.CD,OK,
GEO,268,Georgia,RUE,34189423333.141,2024.0,Banco Mundial WDI,NY.GDP.MKTP.CD,OK,
GMB,270,Gambia,AFR,2404888737.54853,2024.0,Banco Mundial WDI,NY.GDP.MKTP.CD,OK,
PSE,275,Palestina,MDE,16016900000.0,2024.0,Banco Mundial WDI,NY.GDP.MKTP.CD,OK,
DEU,276,Germany,EUR,4685592577804.69,2024.0,Banco Mundial WDI,NY.GDP.MKTP.CD,OK,
GHA,288,Ghana,AFR,83288585604.0268,2024.0,Banco Mundial WDI,NY.GDP.MKTP.CD,OK,
GIB,292,Gibraltar,EUR,,,Banco Mundial WDI,NY.GDP.MKTP.CD,REVISAR,Sin dato comparable 2024/2023 en WDI.
KIR,296,Kiribati,APC,343153235.077124,2024.0,Banco Mundial WDI,NY.GDP.MKTP.CD,OK,
GRC,300,Greece,EUR,256238371778.118,2024.0,Banco Mundial WDI,NY.GDP.MKTP.CD,OK,
GRL,304,Greenland,NAC,3326543974.39193,2023.0,Banco Mundial WDI,NY.GDP.MKTP.CD,OK,Fallback a 2023 por ausencia de 2024.
GRD,308,Grenada,NAC,1351270370.37037,2024.0,Banco Mundial WDI,NY.GDP.MKTP.CD,OK,
GLP,312,Guadeloupe,NAC,,,Banco Mundial WDI,NY.GDP.MKTP.CD,REVISAR,Sin dato comparable 2024/2023 en WDI.
GUM,316,Guam,APC,,,Banco Mundial WDI,NY.GDP.MKTP.CD,REVISAR,Sin dato comparable 2024/2023 en WDI.
GTM,320,Guatemala,NAC,113215575150.885,2024.0,Banco Mundial WDI,NY.GDP.MKTP.CD,OK,
GIN,324,Guinea,AFR,25008678293.4073,2024.0,Banco Mundial WDI,NY.GDP.MKTP.CD,OK,
GUY,328,Guyana,SAM,24662714628.2974,2024.0,Banco Mundial WDI,NY.GDP.MKTP.CD,OK,
HTI,332,Haiti,NAC,24255657481.2502,2024.0,Banco Mundial WDI,NY.GDP.MKTP.CD,OK,
VAT,336,Holy See (Vatican City State),EUR,,,Banco Mundial WDI,NY.GDP.MKTP.CD,REVISAR,Sin dato comparable 2024/2023 en WDI.
HND,340,Honduras,NAC,36980171442.0603,2024.0,Banco Mundial WDI,NY.GDP.MKTP.CD,OK,
HKG,344,Hong Kong,CHN,408368682415.423,2024.0,Banco Mundial WDI,NY.GDP.MKTP.CD,OK,WDI reporta HKG separado de CHN.
HUN,348,Hungary,EUR,222848211034.367,2024.0,Banco Mundial WDI,NY.GDP.MKTP.CD,OK,
ISL,352,Iceland,EUR,33186621855.0053,2024.0,Banco Mundial WDI,NY.GDP.MKTP.CD,OK,
IND,356,India,SAI,3760813470500.86,2024.0,Banco Mundial WDI,NY.GDP.MKTP.CD,OK,
IDN,360,Indonesia,APC,1396301788461.69,2024.0,Banco Mundial WDI,NY.GDP.MKTP.CD,OK,
IRN,364,Irán,MDE,475252089215.416,2024.0,Banco Mundial WDI,NY.GDP.MKTP.CD,OK,
IRQ,368,Iraq,MDE,279641257615.385,2024.0,Banco Mundial WDI,NY.GDP.MKTP.CD,OK,
IRL,372,Ireland,EUR,609157459747.205,2024.0,Banco Mundial WDI,NY.GDP.MKTP.CD,OK,
ISR,376,Israel,MDE,542284494490.778,2024.0,Banco Mundial WDI,NY.GDP.MKTP.CD,OK,
ITA,380,Italy,EUR,2383435562458.12,2024.0,Banco Mundial WDI,NY.GDP.MKTP.CD,OK,
CIV,384,Côte d'Ivoire,AFR,87113179149.284,2024.0,Banco Mundial WDI,NY.GDP.MKTP.CD,OK,
JAM,388,Jamaica,NAC,22014429050.9995,2024.0,Banco Mundial WDI,NY.GDP.MKTP.CD,OK,
JPN,392,Japan,APC,4190008188358.57,2024.0,Banco Mundial WDI,NY.GDP.MKTP.CD,OK,
KAZ,398,Kazakhstan,RUE,291480274648.826,2024.0,Banco Mundial WDI,NY.GDP.MKTP.CD,OK,
JOR,400,Jordan,MDE,58618380563.3803,2024.0,Banco Mundial WDI,NY.GDP.MKTP.CD,OK,
KEN,404,Kenya,AFR,120397537849.826,2024.0,Banco Mundial WDI,NY.GDP.MKTP.CD,OK,
PRK,408,Corea del Norte,APC,,,Banco Mundial WDI,NY.GDP.MKTP.CD,REVISAR,Sin dato comparable 2024/2023 en WDI.
KOR,410,Corea del Sur,APC,1875388209406.8,2024.0,Banco Mundial WDI,NY.GDP.MKTP.CD,OK,
KWT,414,Kuwait,MDE,160903106639.233,2024.0,Banco Mundial WDI,NY.GDP.MKTP.CD,OK,
KGZ,417,Kyrgyzstan,RUE,18161630698.9052,2024.0,Banco Mundial WDI,NY.GDP.MKTP.CD,OK,
LAO,418,Lao People's Democratic Republic,APC,16502933121.3379,2024.0,Banco Mundial WDI,NY.GDP.MKTP.CD,OK,
LBN,422,Lebanon,MDE,25971643441.3408,2024.0,Banco Mundial WDI,NY.GDP.MKTP.CD,OK,
LSO,426,Lesotho,AFR,2391282547.80028,2024.0,Banco Mundial WDI,NY.GDP.MKTP.CD,OK,
LVA,428,Latvia,EUR,44001275012.6141,2024.0,Banco Mundial WDI,NY.GDP.MKTP.CD,OK,
LBR,430,Liberia,AFR,4779300900.0,2024.0,Banco Mundial WDI,NY.GDP.MKTP.CD,OK,
LBY,434,Libya,AFR,48487151215.345,2024.0,Banco Mundial WDI,NY.GDP.MKTP.CD,OK,
LIE,438,Liechtenstein,EUR,8905764270.4054,2024.0,Banco Mundial WDI,NY.GDP.MKTP.CD,OK,
LTU,440,Lithuania,EUR,85503938573.5664,2024.0,Banco Mundial WDI,NY.GDP.MKTP.CD,OK,
LUX,442,Luxembourg,EUR,93279851863.4062,2024.0,Banco Mundial WDI,NY.GDP.MKTP.CD,OK,
MAC,446,Macao,CHN,49467258923.3244,2024.0,Banco Mundial WDI,NY.GDP.MKTP.CD,OK,WDI reporta MAC separado de CHN.
MDG,450,Madagascar,AFR,17592832696.1336,2024.0,Banco Mundial WDI,NY.GDP.MKTP.CD,OK,
MWI,454,Malawi,AFR,11311971400.3864,2024.0,Banco Mundial WDI,NY.GDP.MKTP.CD,OK,
MYS,458,Malaysia,APC,422227005428.688,2024.0,Banco Mundial WDI,NY.GDP.MKTP.CD,OK,
MDV,462,Maldives,SAI,7061608267.25451,2024.0,Banco Mundial WDI,NY.GDP.MKTP.CD,OK,
MLI,466,Mali,AFR,26761281076.7658,2024.0,Banco Mundial WDI,NY.GDP.MKTP.CD,OK,
MLT,470,Malta,EUR,25042712191.3281,2024.0,Banco Mundial WDI,NY.GDP.MKTP.CD,OK,
MTQ,474,Martinique,NAC,,,Banco Mundial WDI,NY.GDP.MKTP.CD,REVISAR,Sin dato comparable 2024/2023 en WDI.
MRT,478,Mauritania,AFR,10879212033.4823,2024.0,Banco Mundial WDI,NY.GDP.MKTP.CD,OK,
MUS,480,Mauritius,AFR,14938055690.3609,2024.0,Banco Mundial WDI,NY.GDP.MKTP.CD,OK,
MEX,484,Mexico,NAC,1830489311088.89,2024.0,Banco Mundial WDI,NY.GDP.MKTP.CD,OK,
MCO,492,Monaco,EUR,11125788838.2812,2024.0,Banco Mundial WDI,NY.GDP.MKTP.CD,OK,
MNG,496,Mongolia,APC,23794540024.5132,2024.0,Banco Mundial WDI,NY.GDP.MKTP.CD,OK,
MDA,498,Moldavia,EUR,18206842140.7615,2024.0,Banco Mundial WDI,NY.GDP.MKTP.CD,OK,
MNE,499,Montenegro,EUR,8274290505.96367,2024.0,Banco Mundial WDI,NY.GDP.MKTP.CD,OK,
MSR,500,Montserrat,NAC,,,Banco Mundial WDI,NY.GDP.MKTP.CD,REVISAR,Sin dato comparable 2024/2023 en WDI.
MAR,504,Morocco,AFR,160610994054.734,2024.0,Banco Mundial WDI,NY.GDP.MKTP.CD,OK,
MOZ,508,Mozambique,AFR,22752244245.473,2024.0,Banco Mundial WDI,NY.GDP.MKTP.CD,OK,
OMN,512,Oman,MDE,107137198699.61,2024.0,Banco Mundial WDI,NY.GDP.MKTP.CD,OK,
NAM,516,Namibia,AFR,13641190683.4641,2024.0,Banco Mundial WDI,NY.GDP.MKTP.CD,OK,
NRU,520,Nauru,APC,167833414.846177,2024.0,Banco Mundial WDI,NY.GDP.MKTP.CD,OK,
NPL,524,Nepal,SAI,43298911699.9284,2024.0,Banco Mundial WDI,NY.GDP.MKTP.CD,OK,
NLD,528,Netherlands,EUR,1213936238063.28,2024.0,Banco Mundial WDI,NY.GDP.MKTP.CD,OK,
CUW,531,Curaçao,NAC,3561178212.2905,2024.0,Banco Mundial WDI,NY.GDP.MKTP.CD,OK,
ABW,533,Aruba,NAC,4167588070.29217,2024.0,Banco Mundial WDI,NY.GDP.MKTP.CD,OK,
SXM,534,Sint Maarten (Dutch part),NAC,1797836648.04469,2024.0,Banco Mundial WDI,NY.GDP.MKTP.CD,OK,
BES,535,"Bonaire, Sint Eustatius and Saba",NAC,,,Banco Mundial WDI,NY.GDP.MKTP.CD,REVISAR,Sin dato comparable 2024/2023 en WDI.
NCL,540,New Caledonia,APC,8548919387.12607,2024.0,Banco Mundial WDI,NY.GDP.MKTP.CD,OK,
VUT,548,Vanuatu,APC,1297956614.77783,2024.0,Banco Mundial WDI,NY.GDP.MKTP.CD,OK,
NZL,554,New Zealand,APC,261497198363.906,2024.0,Banco Mundial WDI,NY.GDP.MKTP.CD,OK,
NIC,558,Nicaragua,NAC,19696311850.3289,2024.0,Banco Mundial WDI,NY.GDP.MKTP.CD,OK,
NER,562,Niger,AFR,19729786046.7618,2024.0,Banco Mundial WDI,NY.GDP.MKTP.CD,OK,
NGA,566,Nigeria,AFR,252261880140.271,2024.0,Banco Mundial WDI,NY.GDP.MKTP.CD,OK,
NIU,570,Niue,APC,,,Banco Mundial WDI,NY.GDP.MKTP.CD,REVISAR,Sin dato comparable 2024/2023 en WDI.
NFK,574,Norfolk Island,APC,,,Banco Mundial WDI,NY.GDP.MKTP.CD,REVISAR,Sin dato comparable 2024/2023 en WDI.
NOR,578,Norway,EUR,500886328034.123,2024.0,Banco Mundial WDI,NY.GDP.MKTP.CD,OK,
MNP,580,Northern Mariana Islands,APC,,,Banco Mundial WDI,NY.GDP.MKTP.CD,REVISAR,Sin dato comparable 2024/2023 en WDI.
FSM,583,"Micronesia, Federated States of",APC,481121300.0,2024.0,Banco Mundial WDI,NY.GDP.MKTP.CD,OK,
MHL,584,Marshall Islands,APC,285000000.0,2024.0,Banco Mundial WDI,NY.GDP.MKTP.CD,OK,
PLW,585,Palau,APC,321501812.5,2024.0,Banco Mundial WDI,NY.GDP.MKTP.CD,OK,
PAK,586,Pakistan,SAI,371747087751.306,2024.0,Banco Mundial WDI,NY.GDP.MKTP.CD,OK,
PAN,591,Panama,NAC,86523959100.0,2024.0,Banco Mundial WDI,NY.GDP.MKTP.CD,OK,
PNG,598,Papua New Guinea,APC,30803971189.4102,2024.0,Banco Mundial WDI,NY.GDP.MKTP.CD,OK,
PRY,600,Paraguay,SAM,44738819362.3269,2024.0,Banco Mundial WDI,NY.GDP.MKTP.CD,OK,
PER,604,Peru,SAM,291751523018.903,2024.0,Banco Mundial WDI,NY.GDP.MKTP.CD,OK,
PHL,608,Philippines,APC,461671157904.74,2024.0,Banco Mundial WDI,NY.GDP.MKTP.CD,OK,
PCN,612,Pitcairn,APC,,,Banco Mundial WDI,NY.GDP.MKTP.CD,REVISAR,Sin dato comparable 2024/2023 en WDI.
POL,616,Poland,EUR,917767106146.761,2024.0,Banco Mundial WDI,NY.GDP.MKTP.CD,OK,
PRT,620,Portugal,EUR,313656884870.859,2024.0,Banco Mundial WDI,NY.GDP.MKTP.CD,OK,
GNB,624,Guinea-Bissau,AFR,2197777209.94218,2024.0,Banco Mundial WDI,NY.GDP.MKTP.CD,OK,
TLS,626,Timor Oriental,APC,1865608515.41321,2024.0,Banco Mundial WDI,NY.GDP.MKTP.CD,OK,
PRI,630,Puerto Rico,NAC,126029527033.705,2024.0,Banco Mundial WDI,NY.GDP.MKTP.CD,OK,
QAT,634,Qatar,MDE,216294505494.505,2024.0,Banco Mundial WDI,NY.GDP.MKTP.CD,OK,
REU,638,Réunion,AFR,,,Banco Mundial WDI,NY.GDP.MKTP.CD,REVISAR,Sin dato comparable 2024/2023 en WDI.
ROU,642,Romania,EUR,382564217988.866,2024.0,Banco Mundial WDI,NY.GDP.MKTP.CD,OK,
RUS,643,Rusia,RUE,2186462268813.08,2024.0,Banco Mundial WDI,NY.GDP.MKTP.CD,OK,
RWA,646,Rwanda,AFR,15111064181.9687,2024.0,Banco Mundial WDI,NY.GDP.MKTP.CD,OK,
BLM,652,Saint Barthélemy,NAC,,,Banco Mundial WDI,NY.GDP.MKTP.CD,REVISAR,Sin dato comparable 2024/2023 en WDI.
SHN,654,"Saint Helena, Ascension and Tristan da Cunha",AFR,,,Banco Mundial WDI,NY.GDP.MKTP.CD,REVISAR,Sin dato comparable 2024/2023 en WDI.
KNA,659,Saint Kitts and Nevis,NAC,1122388888.88889,2024.0,Banco Mundial WDI,NY.GDP.MKTP.CD,OK,
AIA,660,Anguilla,NAC,,,Banco Mundial WDI,NY.GDP.MKTP.CD,REVISAR,Sin dato comparable 2024/2023 en WDI.
LCA,662,Saint Lucia,NAC,2605148148.14815,2024.0,Banco Mundial WDI,NY.GDP.MKTP.CD,OK,
MAF,663,Saint Martin (French part),NAC,,,Banco Mundial WDI,NY.GDP.MKTP.CD,REVISAR,Sin dato comparable 2024/2023 en WDI.
SPM,666,Saint Pierre and Miquelon,NAC,,,Banco Mundial WDI,NY.GDP.MKTP.CD,REVISAR,Sin dato comparable 2024/2023 en WDI.
VCT,670,Saint Vincent and the Grenadines,NAC,1157207407.40741,2024.0,Banco Mundial WDI,NY.GDP.MKTP.CD,OK,
SMR,674,San Marino,EUR,2027243193.5116,2023.0,Banco Mundial WDI,NY.GDP.MKTP.CD,OK,Fallback a 2023 por ausencia de 2024.
STP,678,Sao Tome and Principe,AFR,824992558.045383,2024.0,Banco Mundial WDI,NY.GDP.MKTP.CD,OK,
SAU,682,Saudi Arabia,MDE,1254140800000.0,2024.0,Banco Mundial WDI,NY.GDP.MKTP.CD,OK,
SEN,686,Senegal,AFR,32169996051.8502,2024.0,Banco Mundial WDI,NY.GDP.MKTP.CD,OK,
SRB,688,Serbia,EUR,90088366320.4062,2024.0,Banco Mundial WDI,NY.GDP.MKTP.CD,OK,
SYC,690,Seychelles,AFR,2228608684.29911,2024.0,Banco Mundial WDI,NY.GDP.MKTP.CD,OK,
SLE,694,Sierra Leone,AFR,6971127234.07241,2024.0,Banco Mundial WDI,NY.GDP.MKTP.CD,OK,
SGP,702,Singapore,APC,572877260178.427,2024.0,Banco Mundial WDI,NY.GDP.MKTP.CD,OK,
SVK,703,Slovakia,EUR,140934076532.375,2024.0,Banco Mundial WDI,NY.GDP.MKTP.CD,OK,
VNM,704,Vietnam,APC,476324572783.807,2024.0,Banco Mundial WDI,NY.GDP.MKTP.CD,OK,
SVN,705,Slovenia,EUR,72972015197.3859,2024.0,Banco Mundial WDI,NY.GDP.MKTP.CD,OK,
SOM,706,Somalia,AFR,11967000000.0,2024.0,Banco Mundial WDI,NY.GDP.MKTP.CD,OK,
ZAF,710,South Africa,AFR,401144998373.585,2024.0,Banco Mundial WDI,NY.GDP.MKTP.CD,OK,
ZWE,716,Zimbabwe,AFR,41521975830.2351,2024.0,Banco Mundial WDI,NY.GDP.MKTP.CD,OK,
ESP,724,Spain,EUR,1725671652742.19,2024.0,Banco Mundial WDI,NY.GDP.MKTP.CD,OK,
SSD,728,South Sudan,AFR,,,Banco Mundial WDI,NY.GDP.MKTP.CD,REVISAR,Sin dato comparable 2024/2023 en WDI.
SDN,729,Sudan,AFR,49672435513.1126,2024.0,Banco Mundial WDI,NY.GDP.MKTP.CD,OK,
ESH,732,Western Sahara,AFR,,,Banco Mundial WDI,NY.GDP.MKTP.CD,REVISAR,Sin dato comparable 2024/2023 en WDI.
SUR,740,Suriname,SAM,4416775112.72266,2024.0,Banco Mundial WDI,NY.GDP.MKTP.CD,OK,
SJM,744,Svalbard and Jan Mayen,EUR,,,Banco Mundial WDI,NY.GDP.MKTP.CD,REVISAR,Sin dato comparable 2024/2023 en WDI.
SWZ,748,Esuatini,AFR,4858885840.77236,2024.0,Banco Mundial WDI,NY.GDP.MKTP.CD,OK,
SWE,752,Sweden,EUR,604827393488.582,2024.0,Banco Mundial WDI,NY.GDP.MKTP.CD,OK,
CHE,756,Switzerland,EUR,969919786394.884,2024.0,Banco Mundial WDI,NY.GDP.MKTP.CD,OK,
SYR,760,Siria,MDE,,,Banco Mundial WDI,NY.GDP.MKTP.CD,REVISAR,Sin dato comparable 2024/2023 en WDI.
TJK,762,Tajikistan,RUE,14425113699.7925,2024.0,Banco Mundial WDI,NY.GDP.MKTP.CD,OK,
THA,764,Thailand,APC,529385520941.539,2024.0,Banco Mundial WDI,NY.GDP.MKTP.CD,OK,
TGO,768,Togo,AFR,10643440332.2445,2024.0,Banco Mundial WDI,NY.GDP.MKTP.CD,OK,
TKL,772,Tokelau,APC,,,Banco Mundial WDI,NY.GDP.MKTP.CD,REVISAR,Sin dato comparable 2024/2023 en WDI.
TON,776,Tonga,APC,647488243.847291,2024.0,Banco Mundial WDI,NY.GDP.MKTP.CD,OK,
TTO,780,Trinidad and Tobago,NAC,25633544529.4849,2024.0,Banco Mundial WDI,NY.GDP.MKTP.CD,OK,
ARE,784,United Arab Emirates,MDE,552324919095.872,2024.0,Banco Mundial WDI,NY.GDP.MKTP.CD,OK,
TUN,788,Tunisia,AFR,51412122479.8468,2024.0,Banco Mundial WDI,NY.GDP.MKTP.CD,OK,
TUR,792,Turquía,MDE,1359123768774.12,2024.0,Banco Mundial WDI,NY.GDP.MKTP.CD,OK,
TKM,795,Turkmenistan,RUE,44249447717.2312,2024.0,Banco Mundial WDI,NY.GDP.MKTP.CD,OK,
TCA,796,Turks and Caicos Islands,NAC,1745378000.0,2024.0,Banco Mundial WDI,NY.GDP.MKTP.CD,OK,
TUV,798,Tuvalu,APC,56752265.8012166,2024.0,Banco Mundial WDI,NY.GDP.MKTP.CD,OK,
UGA,800,Uganda,AFR,53911907079.0485,2024.0,Banco Mundial WDI,NY.GDP.MKTP.CD,OK,
UKR,804,Ukraine,EUR,190833835445.1,2024.0,Banco Mundial WDI,NY.GDP.MKTP.CD,OK,
MKD,807,North Macedonia,EUR,16951682221.3962,2024.0,Banco Mundial WDI,NY.GDP.MKTP.CD,OK,
EGY,818,Egypt,AFR,389059910593.1,2024.0,Banco Mundial WDI,NY.GDP.MKTP.CD,OK,
GBR,826,Reino Unido,EUR,3695539513534.15,2024.0,Banco Mundial WDI,NY.GDP.MKTP.CD,OK,
GGY,831,Guernsey,EUR,,,Banco Mundial WDI,NY.GDP.MKTP.CD,REVISAR,Sin dato comparable 2024/2023 en WDI.
JEY,832,Jersey,EUR,,,Banco Mundial WDI,NY.GDP.MKTP.CD,REVISAR,Sin dato comparable 2024/2023 en WDI.
IMN,833,Isle of Man,EUR,7576129932.79381,2023.0,Banco Mundial WDI,NY.GDP.MKTP.CD,OK,Fallback a 2023 por ausencia de 2024.
TZA,834,Tanzania,AFR,79235713444.9777,2024.0,Banco Mundial WDI,NY.GDP.MKTP.CD,OK,
USA,840,Estados Unidos,NAC,29298013000000.0,2024.0,Banco Mundial WDI,NY.GDP.MKTP.CD,OK,
VIR,850,"Virgin Islands, U.S.",NAC,,,Banco Mundial WDI,NY.GDP.MKTP.CD,REVISAR,Sin dato comparable 2024/2023 en WDI.
BFA,854,Burkina Faso,AFR,23136514855.7646,2024.0,Banco Mundial WDI,NY.GDP.MKTP.CD,OK,
URY,858,Uruguay,SAM,82322859144.2816,2024.0,Banco Mundial WDI,NY.GDP.MKTP.CD,OK,
UZB,860,Uzbekistan,RUE,121356065241.228,2024.0,Banco Mundial WDI,NY.GDP.MKTP.CD,OK,
VEN,862,Venezuela,SAM,120566112397.063,2024.0,Banco Mundial WDI,NY.GDP.MKTP.CD,OK,
WLF,876,Wallis and Futuna,APC,,,Banco Mundial WDI,NY.GDP.MKTP.CD,REVISAR,Sin dato comparable 2024/2023 en WDI.
WSM,882,Samoa,APC,1175749785.65113,2024.0,Banco Mundial WDI,NY.GDP.MKTP.CD,OK,
YEM,887,Yemen,MDE,,,Banco Mundial WDI,NY.GDP.MKTP.CD,REVISAR,Sin dato comparable 2024/2023 en WDI.
ZMB,894,Zambia,AFR,25303185342.2511,2024.0,Banco Mundial WDI,NY.GDP.MKTP.CD,OK,
XKX,,Kosovo,EUR,11203038332.3359,2024.0,Banco Mundial WDI,NY.GDP.MKTP.CD,OK,WDI publica XKX separado; mantener separado de SRB sin duplicidad.
