codigo_iso3,codigo_m49,pais,area_codigo,idh,anio_idh,gini,anio_gini,esperanza_vida,anio_esperanza_vida,fuente_idh,fuente_gini,fuente_esperanza_vida,estado_revision,observaciones
AFG,004,Afghanistan,SAI,0.462,2022.0,,,66.035,2023.0,PNUD Human Development Reports,Banco Mundial - Poverty and Inequality Platform,Banco Mundial - World Development Indicators,REVISAR,IDH en ultimo anio oficial disponible (2022) por ausencia de 2023 en esta extraccion. Sin Gini 2015-2024 usable en WDI/PIP.
ALB,008,Albania,EUR,0.789,2022.0,29.4,2020.0,79.602,2023.0,PNUD Human Development Reports,Banco Mundial - Poverty and Inequality Platform,Banco Mundial - World Development Indicators,OK,IDH en ultimo anio oficial disponible (2022) por ausencia de 2023 en esta extraccion.
DZA,012,Algeria,AFR,0.745,2022.0,,,76.261,2023.0,PNUD Human Development Reports,Banco Mundial - Poverty and Inequality Platform,Banco Mundial - World Development Indicators,REVISAR,IDH en ultimo anio oficial disponible (2022) por ausencia de 2023 en esta extraccion. Sin Gini 2015-2024 usable en WDI/PIP.
ASM,016,American Samoa,APC,,,,,72.852,2023.0,PNUD Human Development Reports,Banco Mundial - Poverty and Inequality Platform,Banco Mundial - World Development Indicators,REVISAR,Entidad SEGUN_FUENTE; sin imputacion si la fuente no publica valor separado. Sin IDH disponible en la serie oficial PNUD usada para esta entidad. Sin Gini 2015-2024 usable en WDI/PIP.
AND,020,Andorra,EUR,0.884,2022.0,,,84.041,2023.0,PNUD Human Development Reports,Banco Mundial - Poverty and Inequality Platform,Banco Mundial - World Development Indicators,REVISAR,IDH en ultimo anio oficial disponible (2022) por ausencia de 2023 en esta extraccion. Sin Gini 2015-2024 usable en WDI/PIP.
AGO,024,Angola,AFR,0.591,2022.0,51.3,2018.0,64.617,2023.0,PNUD Human Development Reports,Banco Mundial - Poverty and Inequality Platform,Banco Mundial - World Development Indicators,OK,IDH en ultimo anio oficial disponible (2022) por ausencia de 2023 en esta extraccion. Gini seleccionado en 2015-2018 (antiguo).
ATG,028,Antigua and Barbuda,NAC,0.826,2022.0,,,77.598,2023.0,PNUD Human Development Reports,Banco Mundial - Poverty and Inequality Platform,Banco Mundial - World Development Indicators,REVISAR,IDH en ultimo anio oficial disponible (2022) por ausencia de 2023 en esta extraccion. Sin Gini 2015-2024 usable en WDI/PIP.
AZE,031,Azerbaijan,RUE,0.76,2022.0,,,74.429,2023.0,PNUD Human Development Reports,Banco Mundial - Poverty and Inequality Platform,Banco Mundial - World Development Indicators,REVISAR,IDH en ultimo anio oficial disponible (2022) por ausencia de 2023 en esta extraccion. Sin Gini 2015-2024 usable en WDI/PIP.
ARG,032,Argentina,SAM,0.849,2022.0,42.4,2024.0,77.395,2023.0,PNUD Human Development Reports,Banco Mundial - Poverty and Inequality Platform,Banco Mundial - World Development Indicators,OK,IDH en ultimo anio oficial disponible (2022) por ausencia de 2023 en esta extraccion.
AUS,036,Australia,APC,0.946,2022.0,33.8,2020.0,83.0512195121951,2023.0,PNUD Human Development Reports,Banco Mundial - Poverty and Inequality Platform,Banco Mundial - World Development Indicators,OK,IDH en ultimo anio oficial disponible (2022) por ausencia de 2023 en esta extraccion.
AUT,040,Austria,EUR,0.926,2022.0,31.2,2023.0,81.7926829268293,2023.0,PNUD Human Development Reports,Banco Mundial - Poverty and Inequality Platform,Banco Mundial - World Development Indicators,OK,IDH en ultimo anio oficial disponible (2022) por ausencia de 2023 en esta extraccion.
BHS,044,Bahamas,NAC,0.82,2022.0,,,74.552,2023.0,PNUD Human Development Reports,Banco Mundial - Poverty and Inequality Platform,Banco Mundial - World Development Indicators,REVISAR,IDH en ultimo anio oficial disponible (2022) por ausencia de 2023 en esta extraccion. Sin Gini 2015-2024 usable en WDI/PIP.
BHR,048,Bahrain,MDE,0.888,2022.0,,,81.284,2023.0,PNUD Human Development Reports,Banco Mundial - Poverty and Inequality Platform,Banco Mundial - World Development Indicators,REVISAR,IDH en ultimo anio oficial disponible (2022) por ausencia de 2023 en esta extraccion. Sin Gini 2015-2024 usable en WDI/PIP.
BGD,050,Bangladesh,SAI,0.67,2022.0,30.9,2022.0,74.672,2023.0,PNUD Human Development Reports,Banco Mundial - Poverty and Inequality Platform,Banco Mundial - World Development Indicators,OK,IDH en ultimo anio oficial disponible (2022) por ausencia de 2023 en esta extraccion.
ARM,051,Armenia,RUE,0.786,2022.0,27.4,2024.0,77.4658536585366,2023.0,PNUD Human Development Reports,Banco Mundial - Poverty and Inequality Platform,Banco Mundial - World Development Indicators,OK,IDH en ultimo anio oficial disponible (2022) por ausencia de 2023 en esta extraccion.
BRB,052,Barbados,NAC,0.809,2022.0,34.1,2016.0,76.178,2023.0,PNUD Human Development Reports,Banco Mundial - Poverty and Inequality Platform,Banco Mundial - World Development Indicators,OK,IDH en ultimo anio oficial disponible (2022) por ausencia de 2023 en esta extraccion. Gini seleccionado en 2015-2018 (antiguo).
BEL,056,Belgium,EUR,0.942,2022.0,26.8,2023.0,82.4,2023.0,PNUD Human Development Reports,Banco Mundial - Poverty and Inequality Platform,Banco Mundial - World Development Indicators,OK,IDH en ultimo anio oficial disponible (2022) por ausencia de 2023 en esta extraccion.
BMU,060,Bermuda,NAC,,,,,82.309,2023.0,PNUD Human Development Reports,Banco Mundial - Poverty and Inequality Platform,Banco Mundial - World Development Indicators,REVISAR,Entidad SEGUN_FUENTE; sin imputacion si la fuente no publica valor separado. Sin IDH disponible en la serie oficial PNUD usada para esta entidad. Sin Gini 2015-2024 usable en WDI/PIP.
BTN,064,Bhutan,SAI,0.681,2022.0,28.5,2022.0,72.975,2023.0,PNUD Human Development Reports,Banco Mundial - Poverty and Inequality Platform,Banco Mundial - World Development Indicators,OK,IDH en ultimo anio oficial disponible (2022) por ausencia de 2023 en esta extraccion.
BOL,068,Bolivia,SAM,0.698,2022.0,40.9,2024.0,68.581,2023.0,PNUD Human Development Reports,Banco Mundial - Poverty and Inequality Platform,Banco Mundial - World Development Indicators,OK,IDH en ultimo anio oficial disponible (2022) por ausencia de 2023 en esta extraccion.
BIH,070,Bosnia and Herzegovina,EUR,0.779,2022.0,30.3,2021.0,77.85,2023.0,PNUD Human Development Reports,Banco Mundial - Poverty and Inequality Platform,Banco Mundial - World Development Indicators,OK,IDH en ultimo anio oficial disponible (2022) por ausencia de 2023 en esta extraccion.
BWA,072,Botswana,AFR,0.708,2022.0,54.9,2015.0,69.163,2023.0,PNUD Human Development Reports,Banco Mundial - Poverty and Inequality Platform,Banco Mundial - World Development Indicators,OK,IDH en ultimo anio oficial disponible (2022) por ausencia de 2023 en esta extraccion. Gini seleccionado en 2015-2018 (antiguo).
BRA,076,Brazil,SAM,0.76,2022.0,50.3,2024.0,75.848,2023.0,PNUD Human Development Reports,Banco Mundial - Poverty and Inequality Platform,Banco Mundial - World Development Indicators,OK,IDH en ultimo anio oficial disponible (2022) por ausencia de 2023 en esta extraccion.
BLZ,084,Belize,NAC,0.7,2022.0,39.9,2018.0,73.566,2023.0,PNUD Human Development Reports,Banco Mundial - Poverty and Inequality Platform,Banco Mundial - World Development Indicators,OK,IDH en ultimo anio oficial disponible (2022) por ausencia de 2023 en esta extraccion. Gini seleccionado en 2015-2018 (antiguo).
IOT,086,British Indian Ocean Territory,AFR,,,,,,,PNUD Human Development Reports,Banco Mundial - Poverty and Inequality Platform,Banco Mundial - World Development Indicators,REVISAR,Entidad SEGUN_FUENTE; sin imputacion si la fuente no publica valor separado. Sin IDH disponible en la serie oficial PNUD usada para esta entidad. Sin Gini 2015-2024 usable en WDI/PIP. Sin esperanza de vida 2023/2022 usable en WDI.
SLB,090,Solomon Islands,APC,0.562,2022.0,,,70.528,2023.0,PNUD Human Development Reports,Banco Mundial - Poverty and Inequality Platform,Banco Mundial - World Development Indicators,REVISAR,IDH en ultimo anio oficial disponible (2022) por ausencia de 2023 en esta extraccion. Sin Gini 2015-2024 usable en WDI/PIP.
VGB,092,"Virgin Islands, British",NAC,,,,,77.276,2023.0,PNUD Human Development Reports,Banco Mundial - Poverty and Inequality Platform,Banco Mundial - World Development Indicators,REVISAR,Entidad SEGUN_FUENTE; sin imputacion si la fuente no publica valor separado. Sin IDH disponible en la serie oficial PNUD usada para esta entidad. Sin Gini 2015-2024 usable en WDI/PIP.
BRN,096,Brunéi,APC,0.823,2022.0,,,75.327,2023.0,PNUD Human Development Reports,Banco Mundial - Poverty and Inequality Platform,Banco Mundial - World Development Indicators,REVISAR,IDH en ultimo anio oficial disponible (2022) por ausencia de 2023 en esta extraccion. Sin Gini 2015-2024 usable en WDI/PIP.
BGR,100,Bulgaria,EUR,0.799,2022.0,39.5,2023.0,75.7560975609756,2023.0,PNUD Human Development Reports,Banco Mundial - Poverty and Inequality Platform,Banco Mundial - World Development Indicators,OK,IDH en ultimo anio oficial disponible (2022) por ausencia de 2023 en esta extraccion.
MMR,104,Myanmar,APC,0.608,2022.0,30.7,2017.0,66.889,2023.0,PNUD Human Development Reports,Banco Mundial - Poverty and Inequality Platform,Banco Mundial - World Development Indicators,OK,IDH en ultimo anio oficial disponible (2022) por ausencia de 2023 en esta extraccion. Gini seleccionado en 2015-2018 (antiguo).
BDI,108,Burundi,AFR,0.42,2022.0,37.5,2020.0,63.651,2023.0,PNUD Human Development Reports,Banco Mundial - Poverty and Inequality Platform,Banco Mundial - World Development Indicators,OK,IDH en ultimo anio oficial disponible (2022) por ausencia de 2023 en esta extraccion.
BLR,112,Belarus,RUE,0.801,2022.0,24.4,2020.0,74.1837804878049,2023.0,PNUD Human Development Reports,Banco Mundial - Poverty and Inequality Platform,Banco Mundial - World Development Indicators,OK,IDH en ultimo anio oficial disponible (2022) por ausencia de 2023 en esta extraccion.
KHM,116,Cambodia,APC,0.6,2022.0,,,70.668,2023.0,PNUD Human Development Reports,Banco Mundial - Poverty and Inequality Platform,Banco Mundial - World Development Indicators,REVISAR,IDH en ultimo anio oficial disponible (2022) por ausencia de 2023 en esta extraccion. Sin Gini 2015-2024 usable en WDI/PIP.
CMR,120,Cameroon,AFR,0.587,2022.0,42.2,2021.0,63.7,2023.0,PNUD Human Development Reports,Banco Mundial - Poverty and Inequality Platform,Banco Mundial - World Development Indicators,OK,IDH en ultimo anio oficial disponible (2022) por ausencia de 2023 en esta extraccion.
CAN,124,Canada,NAC,0.935,2022.0,31.5,2022.0,81.6263414634146,2023.0,PNUD Human Development Reports,Banco Mundial - Poverty and Inequality Platform,Banco Mundial - World Development Indicators,OK,IDH en ultimo anio oficial disponible (2022) por ausencia de 2023 en esta extraccion.
CPV,132,Cabo Verde,AFR,0.661,2022.0,42.4,2015.0,76.059,2023.0,PNUD Human Development Reports,Banco Mundial - Poverty and Inequality Platform,Banco Mundial - World Development Indicators,OK,IDH en ultimo anio oficial disponible (2022) por ausencia de 2023 en esta extraccion. Gini seleccionado en 2015-2018 (antiguo).
CYM,136,Cayman Islands,NAC,,,,,80.358,2023.0,PNUD Human Development Reports,Banco Mundial - Poverty and Inequality Platform,Banco Mundial - World Development Indicators,REVISAR,Sin IDH disponible en la serie oficial PNUD usada para esta entidad. Sin Gini 2015-2024 usable en WDI/PIP.
CAF,140,Central African Republic,AFR,0.387,2022.0,43.0,2021.0,57.408,2023.0,PNUD Human Development Reports,Banco Mundial - Poverty and Inequality Platform,Banco Mundial - World Development Indicators,OK,IDH en ultimo anio oficial disponible (2022) por ausencia de 2023 en esta extraccion.
LKA,144,Sri Lanka,SAI,0.78,2022.0,37.7,2019.0,77.483,2023.0,PNUD Human Development Reports,Banco Mundial - Poverty and Inequality Platform,Banco Mundial - World Development Indicators,OK,IDH en ultimo anio oficial disponible (2022) por ausencia de 2023 en esta extraccion.
TCD,148,Chad,AFR,0.394,2022.0,37.4,2022.0,55.069,2023.0,PNUD Human Development Reports,Banco Mundial - Poverty and Inequality Platform,Banco Mundial - World Development Indicators,OK,IDH en ultimo anio oficial disponible (2022) por ausencia de 2023 en esta extraccion.
CHL,152,Chile,SAM,0.86,2022.0,43.0,2024.0,81.167,2023.0,PNUD Human Development Reports,Banco Mundial - Poverty and Inequality Platform,Banco Mundial - World Development Indicators,OK,IDH en ultimo anio oficial disponible (2022) por ausencia de 2023 en esta extraccion.
CHN,156,China,CHN,0.788,2022.0,36.0,2022.0,77.953,2023.0,PNUD Human Development Reports,Banco Mundial - Poverty and Inequality Platform,Banco Mundial - World Development Indicators,OK,IDH en ultimo anio oficial disponible (2022) por ausencia de 2023 en esta extraccion. CHN tratado separado de HKG y MAC.
TWN,158,"Taiwan, Province of China",APC,,,,,,,PNUD Human Development Reports,Banco Mundial - Poverty and Inequality Platform,Banco Mundial - World Development Indicators,REVISAR,Entidad SEGUN_FUENTE; sin imputacion si la fuente no publica valor separado. Sin IDH disponible en la serie oficial PNUD usada para esta entidad. Sin Gini 2015-2024 usable en WDI/PIP. Sin esperanza de vida 2023/2022 usable en WDI. TWN revisado expresamente; mantener criterio SEGUN_FUENTE sin duplicidad.
CXR,162,Christmas Island,APC,,,,,,,PNUD Human Development Reports,Banco Mundial - Poverty and Inequality Platform,Banco Mundial - World Development Indicators,REVISAR,Entidad SEGUN_FUENTE; sin imputacion si la fuente no publica valor separado. Sin IDH disponible en la serie oficial PNUD usada para esta entidad. Sin Gini 2015-2024 usable en WDI/PIP. Sin esperanza de vida 2023/2022 usable en WDI.
CCK,166,Cocos (Keeling) Islands,APC,,,,,,,PNUD Human Development Reports,Banco Mundial - Poverty and Inequality Platform,Banco Mundial - World Development Indicators,REVISAR,Entidad SEGUN_FUENTE; sin imputacion si la fuente no publica valor separado. Sin IDH disponible en la serie oficial PNUD usada para esta entidad. Sin Gini 2015-2024 usable en WDI/PIP. Sin esperanza de vida 2023/2022 usable en WDI.
COL,170,Colombia,SAM,0.758,2022.0,54.4,2024.0,77.725,2023.0,PNUD Human Development Reports,Banco Mundial - Poverty and Inequality Platform,Banco Mundial - World Development Indicators,OK,IDH en ultimo anio oficial disponible (2022) por ausencia de 2023 en esta extraccion.
COM,174,Comoros,AFR,0.586,2022.0,30.3,2024.0,66.777,2023.0,PNUD Human Development Reports,Banco Mundial - Poverty and Inequality Platform,Banco Mundial - World Development Indicators,OK,IDH en ultimo anio oficial disponible (2022) por ausencia de 2023 en esta extraccion.
MYT,175,Mayotte,AFR,,,,,,,PNUD Human Development Reports,Banco Mundial - Poverty and Inequality Platform,Banco Mundial - World Development Indicators,REVISAR,Entidad SEGUN_FUENTE; sin imputacion si la fuente no publica valor separado. Sin IDH disponible en la serie oficial PNUD usada para esta entidad. Sin Gini 2015-2024 usable en WDI/PIP. Sin esperanza de vida 2023/2022 usable en WDI.
COG,178,Congo,AFR,0.593,2022.0,,,65.772,2023.0,PNUD Human Development Reports,Banco Mundial - Poverty and Inequality Platform,Banco Mundial - World Development Indicators,REVISAR,IDH en ultimo anio oficial disponible (2022) por ausencia de 2023 en esta extraccion. Sin Gini 2015-2024 usable en WDI/PIP.
COD,180,"Congo, The Democratic Republic of the",AFR,0.481,2022.0,44.7,2020.0,61.895,2023.0,PNUD Human Development Reports,Banco Mundial - Poverty and Inequality Platform,Banco Mundial - World Development Indicators,OK,IDH en ultimo anio oficial disponible (2022) por ausencia de 2023 en esta extraccion.
COK,184,Cook Islands,APC,,,,,,,PNUD Human Development Reports,Banco Mundial - Poverty and Inequality Platform,Banco Mundial - World Development Indicators,REVISAR,Entidad SEGUN_FUENTE; sin imputacion si la fuente no publica valor separado. Sin IDH disponible en la serie oficial PNUD usada para esta entidad. Sin Gini 2015-2024 usable en WDI/PIP. Sin esperanza de vida 2023/2022 usable en WDI.
CRI,188,Costa Rica,NAC,0.806,2022.0,45.8,2024.0,80.799,2023.0,PNUD Human Development Reports,Banco Mundial - Poverty and Inequality Platform,Banco Mundial - World Development Indicators,OK,IDH en ultimo anio oficial disponible (2022) por ausencia de 2023 en esta extraccion.
HRV,191,Croatia,EUR,0.878,2022.0,30.1,2023.0,78.4731707317073,2023.0,PNUD Human Development Reports,Banco Mundial - Poverty and Inequality Platform,Banco Mundial - World Development Indicators,OK,IDH en ultimo anio oficial disponible (2022) por ausencia de 2023 en esta extraccion.
CUB,192,Cuba,NAC,0.764,2022.0,,,78.085,2023.0,PNUD Human Development Reports,Banco Mundial - Poverty and Inequality Platform,Banco Mundial - World Development Indicators,REVISAR,IDH en ultimo anio oficial disponible (2022) por ausencia de 2023 en esta extraccion. Sin Gini 2015-2024 usable en WDI/PIP.
CYP,196,Cyprus,EUR,0.907,2022.0,31.8,2023.0,81.648,2023.0,PNUD Human Development Reports,Banco Mundial - Poverty and Inequality Platform,Banco Mundial - World Development Indicators,OK,IDH en ultimo anio oficial disponible (2022) por ausencia de 2023 en esta extraccion.
CZE,203,Chequia,EUR,0.895,2022.0,25.7,2023.0,79.8268292682927,2023.0,PNUD Human Development Reports,Banco Mundial - Poverty and Inequality Platform,Banco Mundial - World Development Indicators,OK,IDH en ultimo anio oficial disponible (2022) por ausencia de 2023 en esta extraccion.
BEN,204,Benin,AFR,0.504,2022.0,34.4,2021.0,60.774,2023.0,PNUD Human Development Reports,Banco Mundial - Poverty and Inequality Platform,Banco Mundial - World Development Indicators,OK,IDH en ultimo anio oficial disponible (2022) por ausencia de 2023 en esta extraccion.
DNK,208,Denmark,EUR,0.952,2022.0,29.9,2023.0,81.7536585365854,2023.0,PNUD Human Development Reports,Banco Mundial - Poverty and Inequality Platform,Banco Mundial - World Development Indicators,OK,IDH en ultimo anio oficial disponible (2022) por ausencia de 2023 en esta extraccion.
DMA,212,Dominica,NAC,0.74,2022.0,,,71.132,2023.0,PNUD Human Development Reports,Banco Mundial - Poverty and Inequality Platform,Banco Mundial - World Development Indicators,REVISAR,IDH en ultimo anio oficial disponible (2022) por ausencia de 2023 en esta extraccion. Sin Gini 2015-2024 usable en WDI/PIP.
DOM,214,Dominican Republic,NAC,0.766,2022.0,39.0,2024.0,73.72,2023.0,PNUD Human Development Reports,Banco Mundial - Poverty and Inequality Platform,Banco Mundial - World Development Indicators,OK,IDH en ultimo anio oficial disponible (2022) por ausencia de 2023 en esta extraccion.
ECU,218,Ecuador,SAM,0.765,2022.0,45.2,2024.0,77.392,2023.0,PNUD Human Development Reports,Banco Mundial - Poverty and Inequality Platform,Banco Mundial - World Development Indicators,OK,IDH en ultimo anio oficial disponible (2022) por ausencia de 2023 en esta extraccion.
SLV,222,El Salvador,NAC,0.674,2022.0,39.8,2023.0,72.099,2023.0,PNUD Human Development Reports,Banco Mundial - Poverty and Inequality Platform,Banco Mundial - World Development Indicators,OK,IDH en ultimo anio oficial disponible (2022) por ausencia de 2023 en esta extraccion.
GNQ,226,Equatorial Guinea,AFR,0.65,2022.0,38.5,2022.0,63.707,2023.0,PNUD Human Development Reports,Banco Mundial - Poverty and Inequality Platform,Banco Mundial - World Development Indicators,OK,IDH en ultimo anio oficial disponible (2022) por ausencia de 2023 en esta extraccion.
ETH,231,Ethiopia,AFR,0.492,2022.0,31.1,2021.0,67.315,2023.0,PNUD Human Development Reports,Banco Mundial - Poverty and Inequality Platform,Banco Mundial - World Development Indicators,OK,IDH en ultimo anio oficial disponible (2022) por ausencia de 2023 en esta extraccion.
ERI,232,Eritrea,AFR,0.493,2022.0,,,68.624,2023.0,PNUD Human Development Reports,Banco Mundial - Poverty and Inequality Platform,Banco Mundial - World Development Indicators,REVISAR,IDH en ultimo anio oficial disponible (2022) por ausencia de 2023 en esta extraccion. Sin Gini 2015-2024 usable en WDI/PIP.
EST,233,Estonia,EUR,0.899,2022.0,30.7,2023.0,78.7926829268293,2023.0,PNUD Human Development Reports,Banco Mundial - Poverty and Inequality Platform,Banco Mundial - World Development Indicators,OK,IDH en ultimo anio oficial disponible (2022) por ausencia de 2023 en esta extraccion.
FRO,234,Faroe Islands,EUR,,,,,82.9521195121951,2023.0,PNUD Human Development Reports,Banco Mundial - Poverty and Inequality Platform,Banco Mundial - World Development Indicators,REVISAR,Entidad SEGUN_FUENTE; sin imputacion si la fuente no publica valor separado. Sin IDH disponible en la serie oficial PNUD usada para esta entidad. Sin Gini 2015-2024 usable en WDI/PIP.
FLK,238,Falkland Islands (Malvinas),SAM,,,,,,,PNUD Human Development Reports,Banco Mundial - Poverty and Inequality Platform,Banco Mundial - World Development Indicators,REVISAR,Entidad SEGUN_FUENTE; sin imputacion si la fuente no publica valor separado. Sin IDH disponible en la serie oficial PNUD usada para esta entidad. Sin Gini 2015-2024 usable en WDI/PIP. Sin esperanza de vida 2023/2022 usable en WDI.
FJI,242,Fiji,APC,0.729,2022.0,30.7,2019.0,67.316,2023.0,PNUD Human Development Reports,Banco Mundial - Poverty and Inequality Platform,Banco Mundial - World Development Indicators,OK,IDH en ultimo anio oficial disponible (2022) por ausencia de 2023 en esta extraccion.
FIN,246,Finland,EUR,0.942,2022.0,27.4,2023.0,81.5853658536585,2023.0,PNUD Human Development Reports,Banco Mundial - Poverty and Inequality Platform,Banco Mundial - World Development Indicators,OK,IDH en ultimo anio oficial disponible (2022) por ausencia de 2023 en esta extraccion.
ALA,248,Åland Islands,EUR,,,,,,,PNUD Human Development Reports,Banco Mundial - Poverty and Inequality Platform,Banco Mundial - World Development Indicators,REVISAR,Entidad SEGUN_FUENTE; sin imputacion si la fuente no publica valor separado. Sin IDH disponible en la serie oficial PNUD usada para esta entidad. Sin Gini 2015-2024 usable en WDI/PIP. Sin esperanza de vida 2023/2022 usable en WDI.
FRA,250,France,EUR,0.91,2022.0,31.8,2023.0,82.8317073170732,2023.0,PNUD Human Development Reports,Banco Mundial - Poverty and Inequality Platform,Banco Mundial - World Development Indicators,OK,IDH en ultimo anio oficial disponible (2022) por ausencia de 2023 en esta extraccion.
GUF,254,French Guiana,SAM,,,,,,,PNUD Human Development Reports,Banco Mundial - Poverty and Inequality Platform,Banco Mundial - World Development Indicators,REVISAR,Entidad SEGUN_FUENTE; sin imputacion si la fuente no publica valor separado. Sin IDH disponible en la serie oficial PNUD usada para esta entidad. Sin Gini 2015-2024 usable en WDI/PIP. Sin esperanza de vida 2023/2022 usable en WDI.
PYF,258,French Polynesia,APC,,,,,84.07,2023.0,PNUD Human Development Reports,Banco Mundial - Poverty and Inequality Platform,Banco Mundial - World Development Indicators,REVISAR,Entidad SEGUN_FUENTE; sin imputacion si la fuente no publica valor separado. Sin IDH disponible en la serie oficial PNUD usada para esta entidad. Sin Gini 2015-2024 usable en WDI/PIP.
DJI,262,Djibouti,AFR,0.515,2022.0,41.6,2017.0,65.987,2023.0,PNUD Human Development Reports,Banco Mundial - Poverty and Inequality Platform,Banco Mundial - World Development Indicators,OK,IDH en ultimo anio oficial disponible (2022) por ausencia de 2023 en esta extraccion. Gini seleccionado en 2015-2018 (antiguo).
GAB,266,Gabon,AFR,0.693,2022.0,38.0,2017.0,68.337,2023.0,PNUD Human Development Reports,Banco Mundial - Poverty and Inequality Platform,Banco Mundial - World Development Indicators,OK,IDH en ultimo anio oficial disponible (2022) por ausencia de 2023 en esta extraccion. Gini seleccionado en 2015-2018 (antiguo).
GEO,268,Georgia,RUE,0.814,2022.0,33.9,2024.0,74.496,2023.0,PNUD Human Development Reports,Banco Mundial - Poverty and Inequality Platform,Banco Mundial - World Development Indicators,OK,IDH en ultimo anio oficial disponible (2022) por ausencia de 2023 en esta extraccion.
GMB,270,Gambia,AFR,0.495,2022.0,38.8,2020.0,65.86,2023.0,PNUD Human Development Reports,Banco Mundial - Poverty and Inequality Platform,Banco Mundial - World Development Indicators,OK,IDH en ultimo anio oficial disponible (2022) por ausencia de 2023 en esta extraccion.
PSE,275,Palestina,MDE,0.716,2022.0,36.4,2023.0,65.17,2023.0,PNUD Human Development Reports,Banco Mundial - Poverty and Inequality Platform,Banco Mundial - World Development Indicators,OK,IDH en ultimo anio oficial disponible (2022) por ausencia de 2023 en esta extraccion.
DEU,276,Germany,EUR,0.95,2022.0,33.7,2022.0,81.0414634146342,2023.0,PNUD Human Development Reports,Banco Mundial - Poverty and Inequality Platform,Banco Mundial - World Development Indicators,OK,IDH en ultimo anio oficial disponible (2022) por ausencia de 2023 en esta extraccion.
GHA,288,Ghana,AFR,0.602,2022.0,43.5,2016.0,65.498,2023.0,PNUD Human Development Reports,Banco Mundial - Poverty and Inequality Platform,Banco Mundial - World Development Indicators,OK,IDH en ultimo anio oficial disponible (2022) por ausencia de 2023 en esta extraccion. Gini seleccionado en 2015-2018 (antiguo).
GIB,292,Gibraltar,EUR,,,,,83.553,2023.0,PNUD Human Development Reports,Banco Mundial - Poverty and Inequality Platform,Banco Mundial - World Development Indicators,REVISAR,Entidad SEGUN_FUENTE; sin imputacion si la fuente no publica valor separado. Sin IDH disponible en la serie oficial PNUD usada para esta entidad. Sin Gini 2015-2024 usable en WDI/PIP.
KIR,296,Kiribati,APC,0.628,2022.0,24.7,2023.0,66.473,2023.0,PNUD Human Development Reports,Banco Mundial - Poverty and Inequality Platform,Banco Mundial - World Development Indicators,OK,IDH en ultimo anio oficial disponible (2022) por ausencia de 2023 en esta extraccion.
GRC,300,Greece,EUR,0.893,2022.0,33.4,2023.0,81.7365853658537,2023.0,PNUD Human Development Reports,Banco Mundial - Poverty and Inequality Platform,Banco Mundial - World Development Indicators,OK,IDH en ultimo anio oficial disponible (2022) por ausencia de 2023 en esta extraccion.
GRL,304,Greenland,NAC,,,,,70.9724390243902,2023.0,PNUD Human Development Reports,Banco Mundial - Poverty and Inequality Platform,Banco Mundial - World Development Indicators,REVISAR,Entidad SEGUN_FUENTE; sin imputacion si la fuente no publica valor separado. Sin IDH disponible en la serie oficial PNUD usada para esta entidad. Sin Gini 2015-2024 usable en WDI/PIP.
GRD,308,Grenada,NAC,0.793,2022.0,43.8,2018.0,75.205,2023.0,PNUD Human Development Reports,Banco Mundial - Poverty and Inequality Platform,Banco Mundial - World Development Indicators,OK,IDH en ultimo anio oficial disponible (2022) por ausencia de 2023 en esta extraccion. Gini seleccionado en 2015-2018 (antiguo).
GLP,312,Guadeloupe,NAC,,,,,,,PNUD Human Development Reports,Banco Mundial - Poverty and Inequality Platform,Banco Mundial - World Development Indicators,REVISAR,Entidad SEGUN_FUENTE; sin imputacion si la fuente no publica valor separado. Sin IDH disponible en la serie oficial PNUD usada para esta entidad. Sin Gini 2015-2024 usable en WDI/PIP. Sin esperanza de vida 2023/2022 usable en WDI.
GUM,316,Guam,APC,,,,,77.209,2023.0,PNUD Human Development Reports,Banco Mundial - Poverty and Inequality Platform,Banco Mundial - World Development Indicators,REVISAR,Entidad SEGUN_FUENTE; sin imputacion si la fuente no publica valor separado. Sin IDH disponible en la serie oficial PNUD usada para esta entidad. Sin Gini 2015-2024 usable en WDI/PIP.
GTM,320,Guatemala,NAC,0.629,2022.0,45.2,2023.0,72.602,2023.0,PNUD Human Development Reports,Banco Mundial - Poverty and Inequality Platform,Banco Mundial - World Development Indicators,OK,IDH en ultimo anio oficial disponible (2022) por ausencia de 2023 en esta extraccion.
GIN,324,Guinea,AFR,0.471,2022.0,29.6,2018.0,60.74,2023.0,PNUD Human Development Reports,Banco Mundial - Poverty and Inequality Platform,Banco Mundial - World Development Indicators,OK,IDH en ultimo anio oficial disponible (2022) por ausencia de 2023 en esta extraccion. Gini seleccionado en 2015-2018 (antiguo).
GUY,328,Guyana,SAM,0.742,2022.0,,,70.18,2023.0,PNUD Human Development Reports,Banco Mundial - Poverty and Inequality Platform,Banco Mundial - World Development Indicators,REVISAR,IDH en ultimo anio oficial disponible (2022) por ausencia de 2023 en esta extraccion. Sin Gini 2015-2024 usable en WDI/PIP.
HTI,332,Haiti,NAC,0.552,2022.0,,,64.936,2023.0,PNUD Human Development Reports,Banco Mundial - Poverty and Inequality Platform,Banco Mundial - World Development Indicators,REVISAR,IDH en ultimo anio oficial disponible (2022) por ausencia de 2023 en esta extraccion. Sin Gini 2015-2024 usable en WDI/PIP.
VAT,336,Holy See (Vatican City State),EUR,,,,,,,PNUD Human Development Reports,Banco Mundial - Poverty and Inequality Platform,Banco Mundial - World Development Indicators,REVISAR,Sin IDH disponible en la serie oficial PNUD usada para esta entidad. Sin Gini 2015-2024 usable en WDI/PIP. Sin esperanza de vida 2023/2022 usable en WDI.
HND,340,Honduras,NAC,0.624,2022.0,45.7,2024.0,72.884,2023.0,PNUD Human Development Reports,Banco Mundial - Poverty and Inequality Platform,Banco Mundial - World Development Indicators,OK,IDH en ultimo anio oficial disponible (2022) por ausencia de 2023 en esta extraccion.
HKG,344,Hong Kong,CHN,0.956,2022.0,,,85.2473170731707,2023.0,PNUD Human Development Reports,Banco Mundial - Poverty and Inequality Platform,Banco Mundial - World Development Indicators,REVISAR,Entidad SEGUN_FUENTE; sin imputacion si la fuente no publica valor separado. IDH en ultimo anio oficial disponible (2022) por ausencia de 2023 en esta extraccion. Sin Gini 2015-2024 usable en WDI/PIP. HKG tratado separado de CHN.
HUN,348,Hungary,EUR,0.851,2022.0,30.6,2017.0,76.5707317073171,2023.0,PNUD Human Development Reports,Banco Mundial - Poverty and Inequality Platform,Banco Mundial - World Development Indicators,OK,IDH en ultimo anio oficial disponible (2022) por ausencia de 2023 en esta extraccion. Gini seleccionado en 2015-2018 (antiguo).
ISL,352,Iceland,EUR,0.959,2022.0,26.8,2019.0,82.4560975609756,2023.0,PNUD Human Development Reports,Banco Mundial - Poverty and Inequality Platform,Banco Mundial - World Development Indicators,OK,IDH en ultimo anio oficial disponible (2022) por ausencia de 2023 en esta extraccion.
IND,356,India,SAI,0.644,2022.0,25.5,2022.0,72.003,2023.0,PNUD Human Development Reports,Banco Mundial - Poverty and Inequality Platform,Banco Mundial - World Development Indicators,OK,IDH en ultimo anio oficial disponible (2022) por ausencia de 2023 en esta extraccion.
IDN,360,Indonesia,APC,0.713,2022.0,34.9,2024.0,71.146,2023.0,PNUD Human Development Reports,Banco Mundial - Poverty and Inequality Platform,Banco Mundial - World Development Indicators,OK,IDH en ultimo anio oficial disponible (2022) por ausencia de 2023 en esta extraccion.
IRN,364,Irán,MDE,0.78,2022.0,35.9,2023.0,77.654,2023.0,PNUD Human Development Reports,Banco Mundial - Poverty and Inequality Platform,Banco Mundial - World Development Indicators,OK,IDH en ultimo anio oficial disponible (2022) por ausencia de 2023 en esta extraccion.
IRQ,368,Iraq,MDE,0.673,2022.0,29.8,2023.0,72.324,2023.0,PNUD Human Development Reports,Banco Mundial - Poverty and Inequality Platform,Banco Mundial - World Development Indicators,OK,IDH en ultimo anio oficial disponible (2022) por ausencia de 2023 en esta extraccion.
IRL,372,Ireland,EUR,0.95,2022.0,29.0,2023.0,82.8073170731707,2023.0,PNUD Human Development Reports,Banco Mundial - Poverty and Inequality Platform,Banco Mundial - World Development Indicators,OK,IDH en ultimo anio oficial disponible (2022) por ausencia de 2023 en esta extraccion.
ISR,376,Israel,MDE,0.915,2022.0,38.3,2022.0,83.1951219512195,2023.0,PNUD Human Development Reports,Banco Mundial - Poverty and Inequality Platform,Banco Mundial - World Development Indicators,OK,IDH en ultimo anio oficial disponible (2022) por ausencia de 2023 en esta extraccion.
ITA,380,Italy,EUR,0.906,2022.0,34.3,2023.0,83.3512195121951,2023.0,PNUD Human Development Reports,Banco Mundial - Poverty and Inequality Platform,Banco Mundial - World Development Indicators,OK,IDH en ultimo anio oficial disponible (2022) por ausencia de 2023 en esta extraccion.
CIV,384,Côte d'Ivoire,AFR,0.534,2022.0,35.3,2021.0,61.944,2023.0,PNUD Human Development Reports,Banco Mundial - Poverty and Inequality Platform,Banco Mundial - World Development Indicators,OK,IDH en ultimo anio oficial disponible (2022) por ausencia de 2023 en esta extraccion.
JAM,388,Jamaica,NAC,0.706,2022.0,39.9,2021.0,71.479,2023.0,PNUD Human Development Reports,Banco Mundial - Poverty and Inequality Platform,Banco Mundial - World Development Indicators,OK,IDH en ultimo anio oficial disponible (2022) por ausencia de 2023 en esta extraccion.
JPN,392,Japan,APC,0.92,2022.0,32.3,2020.0,84.0412195121951,2023.0,PNUD Human Development Reports,Banco Mundial - Poverty and Inequality Platform,Banco Mundial - World Development Indicators,OK,IDH en ultimo anio oficial disponible (2022) por ausencia de 2023 en esta extraccion.
KAZ,398,Kazakhstan,RUE,0.802,2022.0,29.2,2021.0,74.402,2023.0,PNUD Human Development Reports,Banco Mundial - Poverty and Inequality Platform,Banco Mundial - World Development Indicators,OK,IDH en ultimo anio oficial disponible (2022) por ausencia de 2023 en esta extraccion.
JOR,400,Jordan,MDE,0.736,2022.0,,,77.814,2023.0,PNUD Human Development Reports,Banco Mundial - Poverty and Inequality Platform,Banco Mundial - World Development Indicators,REVISAR,IDH en ultimo anio oficial disponible (2022) por ausencia de 2023 en esta extraccion. Sin Gini 2015-2024 usable en WDI/PIP.
KEN,404,Kenya,AFR,0.601,2022.0,38.5,2022.0,63.646,2023.0,PNUD Human Development Reports,Banco Mundial - Poverty and Inequality Platform,Banco Mundial - World Development Indicators,OK,IDH en ultimo anio oficial disponible (2022) por ausencia de 2023 en esta extraccion.
PRK,408,Corea del Norte,APC,,2022.0,,,73.642,2023.0,PNUD Human Development Reports,Banco Mundial - Poverty and Inequality Platform,Banco Mundial - World Development Indicators,REVISAR,Sin IDH disponible en la serie oficial PNUD usada para esta entidad. Sin Gini 2015-2024 usable en WDI/PIP.
KOR,410,Corea del Sur,APC,0.929,2022.0,32.9,2021.0,83.4292682926829,2023.0,PNUD Human Development Reports,Banco Mundial - Poverty and Inequality Platform,Banco Mundial - World Development Indicators,OK,IDH en ultimo anio oficial disponible (2022) por ausencia de 2023 en esta extraccion.
KWT,414,Kuwait,MDE,0.847,2022.0,,,83.1878048780488,2023.0,PNUD Human Development Reports,Banco Mundial - Poverty and Inequality Platform,Banco Mundial - World Development Indicators,REVISAR,IDH en ultimo anio oficial disponible (2022) por ausencia de 2023 en esta extraccion. Sin Gini 2015-2024 usable en WDI/PIP.
KGZ,417,Kyrgyzstan,RUE,0.701,2022.0,27.5,2024.0,72.2487804878049,2023.0,PNUD Human Development Reports,Banco Mundial - Poverty and Inequality Platform,Banco Mundial - World Development Indicators,OK,IDH en ultimo anio oficial disponible (2022) por ausencia de 2023 en esta extraccion.
LAO,418,Lao People's Democratic Republic,APC,0.62,2022.0,34.7,2024.0,68.964,2023.0,PNUD Human Development Reports,Banco Mundial - Poverty and Inequality Platform,Banco Mundial - World Development Indicators,OK,IDH en ultimo anio oficial disponible (2022) por ausencia de 2023 en esta extraccion.
LBN,422,Lebanon,MDE,0.723,2022.0,35.5,2022.0,77.817,2023.0,PNUD Human Development Reports,Banco Mundial - Poverty and Inequality Platform,Banco Mundial - World Development Indicators,OK,IDH en ultimo anio oficial disponible (2022) por ausencia de 2023 en esta extraccion.
LSO,426,Lesotho,AFR,0.521,2022.0,44.9,2017.0,57.375,2023.0,PNUD Human Development Reports,Banco Mundial - Poverty and Inequality Platform,Banco Mundial - World Development Indicators,OK,IDH en ultimo anio oficial disponible (2022) por ausencia de 2023 en esta extraccion. Gini seleccionado en 2015-2018 (antiguo).
LVA,428,Latvia,EUR,0.879,2022.0,34.0,2023.0,75.4268292682927,2023.0,PNUD Human Development Reports,Banco Mundial - Poverty and Inequality Platform,Banco Mundial - World Development Indicators,OK,IDH en ultimo anio oficial disponible (2022) por ausencia de 2023 en esta extraccion.
LBR,430,Liberia,AFR,0.487,2022.0,35.3,2016.0,62.163,2023.0,PNUD Human Development Reports,Banco Mundial - Poverty and Inequality Platform,Banco Mundial - World Development Indicators,OK,IDH en ultimo anio oficial disponible (2022) por ausencia de 2023 en esta extraccion. Gini seleccionado en 2015-2018 (antiguo).
LBY,434,Libya,AFR,0.746,2022.0,,,69.339,2023.0,PNUD Human Development Reports,Banco Mundial - Poverty and Inequality Platform,Banco Mundial - World Development Indicators,REVISAR,IDH en ultimo anio oficial disponible (2022) por ausencia de 2023 en esta extraccion. Sin Gini 2015-2024 usable en WDI/PIP.
LIE,438,Liechtenstein,EUR,0.942,2022.0,,,84.5951219512195,2023.0,PNUD Human Development Reports,Banco Mundial - Poverty and Inequality Platform,Banco Mundial - World Development Indicators,REVISAR,IDH en ultimo anio oficial disponible (2022) por ausencia de 2023 en esta extraccion. Sin Gini 2015-2024 usable en WDI/PIP.
LTU,440,Lithuania,EUR,0.879,2022.0,36.0,2023.0,77.290243902439,2023.0,PNUD Human Development Reports,Banco Mundial - Poverty and Inequality Platform,Banco Mundial - World Development Indicators,OK,IDH en ultimo anio oficial disponible (2022) por ausencia de 2023 en esta extraccion.
LUX,442,Luxembourg,EUR,0.927,2022.0,33.6,2023.0,83.309756097561,2023.0,PNUD Human Development Reports,Banco Mundial - Poverty and Inequality Platform,Banco Mundial - World Development Indicators,OK,IDH en ultimo anio oficial disponible (2022) por ausencia de 2023 en esta extraccion.
MAC,446,Macao,CHN,,,,,83.1804878048781,2023.0,PNUD Human Development Reports,Banco Mundial - Poverty and Inequality Platform,Banco Mundial - World Development Indicators,REVISAR,Entidad SEGUN_FUENTE; sin imputacion si la fuente no publica valor separado. Sin IDH disponible en la serie oficial PNUD usada para esta entidad. Sin Gini 2015-2024 usable en WDI/PIP. MAC tratado separado de CHN.
MDG,450,Madagascar,AFR,0.487,2022.0,36.8,2021.0,63.632,2023.0,PNUD Human Development Reports,Banco Mundial - Poverty and Inequality Platform,Banco Mundial - World Development Indicators,OK,IDH en ultimo anio oficial disponible (2022) por ausencia de 2023 en esta extraccion.
MWI,454,Malawi,AFR,0.508,2022.0,38.5,2019.0,67.353,2023.0,PNUD Human Development Reports,Banco Mundial - Poverty and Inequality Platform,Banco Mundial - World Development Indicators,OK,IDH en ultimo anio oficial disponible (2022) por ausencia de 2023 en esta extraccion.
MYS,458,Malaysia,APC,0.807,2022.0,40.7,2021.0,76.657,2023.0,PNUD Human Development Reports,Banco Mundial - Poverty and Inequality Platform,Banco Mundial - World Development Indicators,OK,IDH en ultimo anio oficial disponible (2022) por ausencia de 2023 en esta extraccion.
MDV,462,Maldives,SAI,0.762,2022.0,29.3,2019.0,81.041,2023.0,PNUD Human Development Reports,Banco Mundial - Poverty and Inequality Platform,Banco Mundial - World Development Indicators,OK,IDH en ultimo anio oficial disponible (2022) por ausencia de 2023 en esta extraccion.
MLI,466,Mali,AFR,0.41,2022.0,35.7,2021.0,60.439,2023.0,PNUD Human Development Reports,Banco Mundial - Poverty and Inequality Platform,Banco Mundial - World Development Indicators,OK,IDH en ultimo anio oficial disponible (2022) por ausencia de 2023 en esta extraccion.
MLT,470,Malta,EUR,0.915,2022.0,31.8,2023.0,83.3560975609756,2023.0,PNUD Human Development Reports,Banco Mundial - Poverty and Inequality Platform,Banco Mundial - World Development Indicators,OK,IDH en ultimo anio oficial disponible (2022) por ausencia de 2023 en esta extraccion.
MTQ,474,Martinique,NAC,,,,,,,PNUD Human Development Reports,Banco Mundial - Poverty and Inequality Platform,Banco Mundial - World Development Indicators,REVISAR,Entidad SEGUN_FUENTE; sin imputacion si la fuente no publica valor separado. Sin IDH disponible en la serie oficial PNUD usada para esta entidad. Sin Gini 2015-2024 usable en WDI/PIP. Sin esperanza de vida 2023/2022 usable en WDI.
MRT,478,Mauritania,AFR,0.54,2022.0,32.0,2019.0,68.484,2023.0,PNUD Human Development Reports,Banco Mundial - Poverty and Inequality Platform,Banco Mundial - World Development Indicators,OK,IDH en ultimo anio oficial disponible (2022) por ausencia de 2023 en esta extraccion.
MUS,480,Mauritius,AFR,0.796,2022.0,36.8,2017.0,73.4121951219512,2023.0,PNUD Human Development Reports,Banco Mundial - Poverty and Inequality Platform,Banco Mundial - World Development Indicators,OK,IDH en ultimo anio oficial disponible (2022) por ausencia de 2023 en esta extraccion. Gini seleccionado en 2015-2018 (antiguo).
MEX,484,Mexico,NAC,0.781,2022.0,42.6,2024.0,75.069,2023.0,PNUD Human Development Reports,Banco Mundial - Poverty and Inequality Platform,Banco Mundial - World Development Indicators,OK,IDH en ultimo anio oficial disponible (2022) por ausencia de 2023 en esta extraccion.
MCO,492,Monaco,EUR,,2022.0,,,86.372,2023.0,PNUD Human Development Reports,Banco Mundial - Poverty and Inequality Platform,Banco Mundial - World Development Indicators,REVISAR,Sin IDH disponible en la serie oficial PNUD usada para esta entidad. Sin Gini 2015-2024 usable en WDI/PIP.
MNG,496,Mongolia,APC,0.741,2022.0,31.4,2022.0,72.1224390243902,2023.0,PNUD Human Development Reports,Banco Mundial - Poverty and Inequality Platform,Banco Mundial - World Development Indicators,OK,IDH en ultimo anio oficial disponible (2022) por ausencia de 2023 en esta extraccion.
MDA,498,Moldavia,EUR,0.763,2022.0,26.8,2023.0,71.198,2023.0,PNUD Human Development Reports,Banco Mundial - Poverty and Inequality Platform,Banco Mundial - World Development Indicators,OK,IDH en ultimo anio oficial disponible (2022) por ausencia de 2023 en esta extraccion.
MNE,499,Montenegro,EUR,0.844,2022.0,34.3,2021.0,77.5878048780488,2023.0,PNUD Human Development Reports,Banco Mundial - Poverty and Inequality Platform,Banco Mundial - World Development Indicators,OK,IDH en ultimo anio oficial disponible (2022) por ausencia de 2023 en esta extraccion.
MSR,500,Montserrat,NAC,,,,,,,PNUD Human Development Reports,Banco Mundial - Poverty and Inequality Platform,Banco Mundial - World Development Indicators,REVISAR,Entidad SEGUN_FUENTE; sin imputacion si la fuente no publica valor separado. Sin IDH disponible en la serie oficial PNUD usada para esta entidad. Sin Gini 2015-2024 usable en WDI/PIP. Sin esperanza de vida 2023/2022 usable en WDI.
MAR,504,Morocco,AFR,0.698,2022.0,,,75.313,2023.0,PNUD Human Development Reports,Banco Mundial - Poverty and Inequality Platform,Banco Mundial - World Development Indicators,REVISAR,IDH en ultimo anio oficial disponible (2022) por ausencia de 2023 en esta extraccion. Sin Gini 2015-2024 usable en WDI/PIP.
MOZ,508,Mozambique,AFR,0.461,2022.0,49.6,2022.0,63.611,2023.0,PNUD Human Development Reports,Banco Mundial - Poverty and Inequality Platform,Banco Mundial - World Development Indicators,OK,IDH en ultimo anio oficial disponible (2022) por ausencia de 2023 en esta extraccion.
OMN,512,Oman,MDE,0.819,2022.0,,,80.031,2023.0,PNUD Human Development Reports,Banco Mundial - Poverty and Inequality Platform,Banco Mundial - World Development Indicators,REVISAR,IDH en ultimo anio oficial disponible (2022) por ausencia de 2023 en esta extraccion. Sin Gini 2015-2024 usable en WDI/PIP.
NAM,516,Namibia,AFR,0.61,2022.0,59.1,2015.0,67.385,2023.0,PNUD Human Development Reports,Banco Mundial - Poverty and Inequality Platform,Banco Mundial - World Development Indicators,OK,IDH en ultimo anio oficial disponible (2022) por ausencia de 2023 en esta extraccion. Gini seleccionado en 2015-2018 (antiguo).
NRU,520,Nauru,APC,0.696,2022.0,,,62.109,2023.0,PNUD Human Development Reports,Banco Mundial - Poverty and Inequality Platform,Banco Mundial - World Development Indicators,REVISAR,IDH en ultimo anio oficial disponible (2022) por ausencia de 2023 en esta extraccion. Sin Gini 2015-2024 usable en WDI/PIP.
NPL,524,Nepal,SAI,0.601,2022.0,30.0,2022.0,70.354,2023.0,PNUD Human Development Reports,Banco Mundial - Poverty and Inequality Platform,Banco Mundial - World Development Indicators,OK,IDH en ultimo anio oficial disponible (2022) por ausencia de 2023 en esta extraccion.
NLD,528,Netherlands,EUR,0.946,2022.0,25.7,2021.0,81.8634146341464,2023.0,PNUD Human Development Reports,Banco Mundial - Poverty and Inequality Platform,Banco Mundial - World Development Indicators,OK,IDH en ultimo anio oficial disponible (2022) por ausencia de 2023 en esta extraccion.
CUW,531,Curaçao,NAC,,,,,76.8,2023.0,PNUD Human Development Reports,Banco Mundial - Poverty and Inequality Platform,Banco Mundial - World Development Indicators,REVISAR,Entidad SEGUN_FUENTE; sin imputacion si la fuente no publica valor separado. Sin IDH disponible en la serie oficial PNUD usada para esta entidad. Sin Gini 2015-2024 usable en WDI/PIP.
ABW,533,Aruba,NAC,,,,,76.353,2023.0,PNUD Human Development Reports,Banco Mundial - Poverty and Inequality Platform,Banco Mundial - World Development Indicators,REVISAR,Entidad SEGUN_FUENTE; sin imputacion si la fuente no publica valor separado. Sin IDH disponible en la serie oficial PNUD usada para esta entidad. Sin Gini 2015-2024 usable en WDI/PIP.
SXM,534,Sint Maarten (Dutch part),NAC,,,,,76.371,2023.0,PNUD Human Development Reports,Banco Mundial - Poverty and Inequality Platform,Banco Mundial - World Development Indicators,REVISAR,Entidad SEGUN_FUENTE; sin imputacion si la fuente no publica valor separado. Sin IDH disponible en la serie oficial PNUD usada para esta entidad. Sin Gini 2015-2024 usable en WDI/PIP.
BES,535,"Bonaire, Sint Eustatius and Saba",NAC,,,,,,,PNUD Human Development Reports,Banco Mundial - Poverty and Inequality Platform,Banco Mundial - World Development Indicators,REVISAR,Entidad SEGUN_FUENTE; sin imputacion si la fuente no publica valor separado. Sin IDH disponible en la serie oficial PNUD usada para esta entidad. Sin Gini 2015-2024 usable en WDI/PIP. Sin esperanza de vida 2023/2022 usable en WDI.
NCL,540,New Caledonia,APC,,,,,78.766,2023.0,PNUD Human Development Reports,Banco Mundial - Poverty and Inequality Platform,Banco Mundial - World Development Indicators,REVISAR,Entidad SEGUN_FUENTE; sin imputacion si la fuente no publica valor separado. Sin IDH disponible en la serie oficial PNUD usada para esta entidad. Sin Gini 2015-2024 usable en WDI/PIP.
VUT,548,Vanuatu,APC,0.614,2022.0,32.3,2019.0,71.477,2023.0,PNUD Human Development Reports,Banco Mundial - Poverty and Inequality Platform,Banco Mundial - World Development Indicators,OK,IDH en ultimo anio oficial disponible (2022) por ausencia de 2023 en esta extraccion.
NZL,554,New Zealand,APC,0.939,2022.0,,,81.7585365853659,2023.0,PNUD Human Development Reports,Banco Mundial - Poverty and Inequality Platform,Banco Mundial - World Development Indicators,REVISAR,IDH en ultimo anio oficial disponible (2022) por ausencia de 2023 en esta extraccion. Sin Gini 2015-2024 usable en WDI/PIP.
NIC,558,Nicaragua,NAC,0.669,2022.0,,,74.947,2023.0,PNUD Human Development Reports,Banco Mundial - Poverty and Inequality Platform,Banco Mundial - World Development Indicators,REVISAR,IDH en ultimo anio oficial disponible (2022) por ausencia de 2023 en esta extraccion. Sin Gini 2015-2024 usable en WDI/PIP.
NER,562,Niger,AFR,0.394,2022.0,32.9,2021.0,61.183,2023.0,PNUD Human Development Reports,Banco Mundial - Poverty and Inequality Platform,Banco Mundial - World Development Indicators,OK,IDH en ultimo anio oficial disponible (2022) por ausencia de 2023 en esta extraccion.
NGA,566,Nigeria,AFR,0.548,2022.0,33.9,2022.0,54.462,2023.0,PNUD Human Development Reports,Banco Mundial - Poverty and Inequality Platform,Banco Mundial - World Development Indicators,OK,IDH en ultimo anio oficial disponible (2022) por ausencia de 2023 en esta extraccion.
NIU,570,Niue,APC,,,,,,,PNUD Human Development Reports,Banco Mundial - Poverty and Inequality Platform,Banco Mundial - World Development Indicators,REVISAR,Entidad SEGUN_FUENTE; sin imputacion si la fuente no publica valor separado. Sin IDH disponible en la serie oficial PNUD usada para esta entidad. Sin Gini 2015-2024 usable en WDI/PIP. Sin esperanza de vida 2023/2022 usable en WDI.
NFK,574,Norfolk Island,APC,,,,,,,PNUD Human Development Reports,Banco Mundial - Poverty and Inequality Platform,Banco Mundial - World Development Indicators,REVISAR,Entidad SEGUN_FUENTE; sin imputacion si la fuente no publica valor separado. Sin IDH disponible en la serie oficial PNUD usada para esta entidad. Sin Gini 2015-2024 usable en WDI/PIP. Sin esperanza de vida 2023/2022 usable en WDI.
NOR,578,Norway,EUR,0.966,2022.0,26.5,2023.0,83.0121951219512,2023.0,PNUD Human Development Reports,Banco Mundial - Poverty and Inequality Platform,Banco Mundial - World Development Indicators,OK,IDH en ultimo anio oficial disponible (2022) por ausencia de 2023 en esta extraccion.
MNP,580,Northern Mariana Islands,APC,,,,,78.808,2023.0,PNUD Human Development Reports,Banco Mundial - Poverty and Inequality Platform,Banco Mundial - World Development Indicators,REVISAR,Entidad SEGUN_FUENTE; sin imputacion si la fuente no publica valor separado. Sin IDH disponible en la serie oficial PNUD usada para esta entidad. Sin Gini 2015-2024 usable en WDI/PIP.
FSM,583,"Micronesia, Federated States of",APC,0.634,2022.0,,,67.198,2023.0,PNUD Human Development Reports,Banco Mundial - Poverty and Inequality Platform,Banco Mundial - World Development Indicators,REVISAR,IDH en ultimo anio oficial disponible (2022) por ausencia de 2023 en esta extraccion. Sin Gini 2015-2024 usable en WDI/PIP.
MHL,584,Marshall Islands,APC,0.731,2022.0,35.5,2019.0,66.945,2023.0,PNUD Human Development Reports,Banco Mundial - Poverty and Inequality Platform,Banco Mundial - World Development Indicators,OK,IDH en ultimo anio oficial disponible (2022) por ausencia de 2023 en esta extraccion.
PLW,585,Palau,APC,0.797,2022.0,,,69.269,2023.0,PNUD Human Development Reports,Banco Mundial - Poverty and Inequality Platform,Banco Mundial - World Development Indicators,REVISAR,IDH en ultimo anio oficial disponible (2022) por ausencia de 2023 en esta extraccion. Sin Gini 2015-2024 usable en WDI/PIP.
PAK,586,Pakistan,SAI,0.54,2022.0,33.5,2024.0,67.649,2023.0,PNUD Human Development Reports,Banco Mundial - Poverty and Inequality Platform,Banco Mundial - World Development Indicators,OK,IDH en ultimo anio oficial disponible (2022) por ausencia de 2023 en esta extraccion.
PAN,591,Panama,NAC,0.82,2022.0,49.7,2024.0,79.594,2023.0,PNUD Human Development Reports,Banco Mundial - Poverty and Inequality Platform,Banco Mundial - World Development Indicators,OK,IDH en ultimo anio oficial disponible (2022) por ausencia de 2023 en esta extraccion.
PNG,598,Papua New Guinea,APC,0.568,2022.0,,,66.134,2023.0,PNUD Human Development Reports,Banco Mundial - Poverty and Inequality Platform,Banco Mundial - World Development Indicators,REVISAR,IDH en ultimo anio oficial disponible (2022) por ausencia de 2023 en esta extraccion. Sin Gini 2015-2024 usable en WDI/PIP.
PRY,600,Paraguay,SAM,0.731,2022.0,44.2,2024.0,73.844,2023.0,PNUD Human Development Reports,Banco Mundial - Poverty and Inequality Platform,Banco Mundial - World Development Indicators,OK,IDH en ultimo anio oficial disponible (2022) por ausencia de 2023 en esta extraccion.
PER,604,Peru,SAM,0.762,2022.0,40.1,2024.0,77.74,2023.0,PNUD Human Development Reports,Banco Mundial - Poverty and Inequality Platform,Banco Mundial - World Development Indicators,OK,IDH en ultimo anio oficial disponible (2022) por ausencia de 2023 en esta extraccion.
PHL,608,Philippines,APC,0.71,2022.0,39.3,2023.0,69.833,2023.0,PNUD Human Development Reports,Banco Mundial - Poverty and Inequality Platform,Banco Mundial - World Development Indicators,OK,IDH en ultimo anio oficial disponible (2022) por ausencia de 2023 en esta extraccion.
PCN,612,Pitcairn,APC,,,,,,,PNUD Human Development Reports,Banco Mundial - Poverty and Inequality Platform,Banco Mundial - World Development Indicators,REVISAR,Entidad SEGUN_FUENTE; sin imputacion si la fuente no publica valor separado. Sin IDH disponible en la serie oficial PNUD usada para esta entidad. Sin Gini 2015-2024 usable en WDI/PIP. Sin esperanza de vida 2023/2022 usable en WDI.
POL,616,Poland,EUR,0.881,2022.0,28.5,2023.0,78.2585365853659,2023.0,PNUD Human Development Reports,Banco Mundial - Poverty and Inequality Platform,Banco Mundial - World Development Indicators,OK,IDH en ultimo anio oficial disponible (2022) por ausencia de 2023 en esta extraccion.
PRT,620,Portugal,EUR,0.874,2022.0,33.9,2023.0,82.3292682926829,2023.0,PNUD Human Development Reports,Banco Mundial - Poverty and Inequality Platform,Banco Mundial - World Development Indicators,OK,IDH en ultimo anio oficial disponible (2022) por ausencia de 2023 en esta extraccion.
GNB,624,Guinea-Bissau,AFR,0.483,2022.0,33.4,2021.0,64.085,2023.0,PNUD Human Development Reports,Banco Mundial - Poverty and Inequality Platform,Banco Mundial - World Development Indicators,OK,IDH en ultimo anio oficial disponible (2022) por ausencia de 2023 en esta extraccion.
TLS,626,Timor Oriental,APC,0.566,2022.0,,,67.689,2023.0,PNUD Human Development Reports,Banco Mundial - Poverty and Inequality Platform,Banco Mundial - World Development Indicators,REVISAR,IDH en ultimo anio oficial disponible (2022) por ausencia de 2023 en esta extraccion. Sin Gini 2015-2024 usable en WDI/PIP.
PRI,630,Puerto Rico,NAC,,,,,81.69,2023.0,PNUD Human Development Reports,Banco Mundial - Poverty and Inequality Platform,Banco Mundial - World Development Indicators,REVISAR,Entidad SEGUN_FUENTE; sin imputacion si la fuente no publica valor separado. Sin IDH disponible en la serie oficial PNUD usada para esta entidad. Sin Gini 2015-2024 usable en WDI/PIP.
QAT,634,Qatar,MDE,0.875,2022.0,35.1,2017.0,82.368,2023.0,PNUD Human Development Reports,Banco Mundial - Poverty and Inequality Platform,Banco Mundial - World Development Indicators,OK,IDH en ultimo anio oficial disponible (2022) por ausencia de 2023 en esta extraccion. Gini seleccionado en 2015-2018 (antiguo).
REU,638,Réunion,AFR,,,,,,,PNUD Human Development Reports,Banco Mundial - Poverty and Inequality Platform,Banco Mundial - World Development Indicators,REVISAR,Entidad SEGUN_FUENTE; sin imputacion si la fuente no publica valor separado. Sin IDH disponible en la serie oficial PNUD usada para esta entidad. Sin Gini 2015-2024 usable en WDI/PIP. Sin esperanza de vida 2023/2022 usable en WDI.
ROU,642,Romania,EUR,0.827,2022.0,29.8,2023.0,76.4048780487805,2023.0,PNUD Human Development Reports,Banco Mundial - Poverty and Inequality Platform,Banco Mundial - World Development Indicators,OK,IDH en ultimo anio oficial disponible (2022) por ausencia de 2023 en esta extraccion.
RUS,643,Rusia,RUE,0.821,2022.0,33.0,2023.0,73.2546341463415,2023.0,PNUD Human Development Reports,Banco Mundial - Poverty and Inequality Platform,Banco Mundial - World Development Indicators,OK,IDH en ultimo anio oficial disponible (2022) por ausencia de 2023 en esta extraccion.
RWA,646,Rwanda,AFR,0.548,2022.0,39.4,2023.0,67.785,2023.0,PNUD Human Development Reports,Banco Mundial - Poverty and Inequality Platform,Banco Mundial - World Development Indicators,OK,IDH en ultimo anio oficial disponible (2022) por ausencia de 2023 en esta extraccion.
BLM,652,Saint Barthélemy,NAC,,,,,,,PNUD Human Development Reports,Banco Mundial - Poverty and Inequality Platform,Banco Mundial - World Development Indicators,REVISAR,Entidad SEGUN_FUENTE; sin imputacion si la fuente no publica valor separado. Sin IDH disponible en la serie oficial PNUD usada para esta entidad. Sin Gini 2015-2024 usable en WDI/PIP. Sin esperanza de vida 2023/2022 usable en WDI.
SHN,654,"Saint Helena, Ascension and Tristan da Cunha",AFR,,,,,,,PNUD Human Development Reports,Banco Mundial - Poverty and Inequality Platform,Banco Mundial - World Development Indicators,REVISAR,Entidad SEGUN_FUENTE; sin imputacion si la fuente no publica valor separado. Sin IDH disponible en la serie oficial PNUD usada para esta entidad. Sin Gini 2015-2024 usable en WDI/PIP. Sin esperanza de vida 2023/2022 usable en WDI.
KNA,659,Saint Kitts and Nevis,NAC,0.838,2022.0,,,72.145,2023.0,PNUD Human Development Reports,Banco Mundial - Poverty and Inequality Platform,Banco Mundial - World Development Indicators,REVISAR,IDH en ultimo anio oficial disponible (2022) por ausencia de 2023 en esta extraccion. Sin Gini 2015-2024 usable en WDI/PIP.
AIA,660,Anguilla,NAC,,,,,,,PNUD Human Development Reports,Banco Mundial - Poverty and Inequality Platform,Banco Mundial - World Development Indicators,REVISAR,Entidad SEGUN_FUENTE; sin imputacion si la fuente no publica valor separado. Sin IDH disponible en la serie oficial PNUD usada para esta entidad. Sin Gini 2015-2024 usable en WDI/PIP. Sin esperanza de vida 2023/2022 usable en WDI.
LCA,662,Saint Lucia,NAC,0.725,2022.0,43.7,2015.0,72.697,2023.0,PNUD Human Development Reports,Banco Mundial - Poverty and Inequality Platform,Banco Mundial - World Development Indicators,OK,IDH en ultimo anio oficial disponible (2022) por ausencia de 2023 en esta extraccion. Gini seleccionado en 2015-2018 (antiguo).
MAF,663,Saint Martin (French part),NAC,,,,,80.224,2023.0,PNUD Human Development Reports,Banco Mundial - Poverty and Inequality Platform,Banco Mundial - World Development Indicators,REVISAR,Entidad SEGUN_FUENTE; sin imputacion si la fuente no publica valor separado. Sin IDH disponible en la serie oficial PNUD usada para esta entidad. Sin Gini 2015-2024 usable en WDI/PIP.
SPM,666,Saint Pierre and Miquelon,NAC,,,,,,,PNUD Human Development Reports,Banco Mundial - Poverty and Inequality Platform,Banco Mundial - World Development Indicators,REVISAR,Entidad SEGUN_FUENTE; sin imputacion si la fuente no publica valor separado. Sin IDH disponible en la serie oficial PNUD usada para esta entidad. Sin Gini 2015-2024 usable en WDI/PIP. Sin esperanza de vida 2023/2022 usable en WDI.
VCT,670,Saint Vincent and the Grenadines,NAC,0.772,2022.0,,,71.23,2023.0,PNUD Human Development Reports,Banco Mundial - Poverty and Inequality Platform,Banco Mundial - World Development Indicators,REVISAR,IDH en ultimo anio oficial disponible (2022) por ausencia de 2023 en esta extraccion. Sin Gini 2015-2024 usable en WDI/PIP.
SMR,674,San Marino,EUR,0.867,2022.0,,,85.706,2023.0,PNUD Human Development Reports,Banco Mundial - Poverty and Inequality Platform,Banco Mundial - World Development Indicators,REVISAR,IDH en ultimo anio oficial disponible (2022) por ausencia de 2023 en esta extraccion. Sin Gini 2015-2024 usable en WDI/PIP.
STP,678,Sao Tome and Principe,AFR,0.613,2022.0,40.7,2017.0,69.718,2023.0,PNUD Human Development Reports,Banco Mundial - Poverty and Inequality Platform,Banco Mundial - World Development Indicators,OK,IDH en ultimo anio oficial disponible (2022) por ausencia de 2023 en esta extraccion. Gini seleccionado en 2015-2018 (antiguo).
SAU,682,Saudi Arabia,MDE,0.875,2022.0,,,78.732,2023.0,PNUD Human Development Reports,Banco Mundial - Poverty and Inequality Platform,Banco Mundial - World Development Indicators,REVISAR,IDH en ultimo anio oficial disponible (2022) por ausencia de 2023 en esta extraccion. Sin Gini 2015-2024 usable en WDI/PIP.
SEN,686,Senegal,AFR,0.517,2022.0,36.2,2021.0,68.683,2023.0,PNUD Human Development Reports,Banco Mundial - Poverty and Inequality Platform,Banco Mundial - World Development Indicators,OK,IDH en ultimo anio oficial disponible (2022) por ausencia de 2023 en esta extraccion.
SRB,688,Serbia,EUR,0.805,2022.0,32.8,2023.0,76.1414634146341,2023.0,PNUD Human Development Reports,Banco Mundial - Poverty and Inequality Platform,Banco Mundial - World Development Indicators,OK,IDH en ultimo anio oficial disponible (2022) por ausencia de 2023 en esta extraccion. SRB revisado expresamente junto con XKX.
SYC,690,Seychelles,AFR,0.802,2022.0,32.1,2018.0,75.419512195122,2023.0,PNUD Human Development Reports,Banco Mundial - Poverty and Inequality Platform,Banco Mundial - World Development Indicators,OK,IDH en ultimo anio oficial disponible (2022) por ausencia de 2023 en esta extraccion. Gini seleccionado en 2015-2018 (antiguo).
SLE,694,Sierra Leone,AFR,0.458,2022.0,35.7,2018.0,61.786,2023.0,PNUD Human Development Reports,Banco Mundial - Poverty and Inequality Platform,Banco Mundial - World Development Indicators,OK,IDH en ultimo anio oficial disponible (2022) por ausencia de 2023 en esta extraccion. Gini seleccionado en 2015-2018 (antiguo).
SGP,702,Singapore,APC,0.949,2022.0,,,83.0975609756098,2023.0,PNUD Human Development Reports,Banco Mundial - Poverty and Inequality Platform,Banco Mundial - World Development Indicators,REVISAR,IDH en ultimo anio oficial disponible (2022) por ausencia de 2023 en esta extraccion. Sin Gini 2015-2024 usable en WDI/PIP.
SVK,703,Slovakia,EUR,0.855,2022.0,23.8,2023.0,78.119512195122,2023.0,PNUD Human Development Reports,Banco Mundial - Poverty and Inequality Platform,Banco Mundial - World Development Indicators,OK,IDH en ultimo anio oficial disponible (2022) por ausencia de 2023 en esta extraccion.
VNM,704,Vietnam,APC,0.726,2022.0,36.1,2022.0,74.588,2023.0,PNUD Human Development Reports,Banco Mundial - Poverty and Inequality Platform,Banco Mundial - World Development Indicators,OK,IDH en ultimo anio oficial disponible (2022) por ausencia de 2023 en esta extraccion.
SVN,705,Slovenia,EUR,0.926,2022.0,24.7,2023.0,81.9292682926829,2023.0,PNUD Human Development Reports,Banco Mundial - Poverty and Inequality Platform,Banco Mundial - World Development Indicators,OK,IDH en ultimo anio oficial disponible (2022) por ausencia de 2023 en esta extraccion.
SOM,706,Somalia,AFR,0.38,2022.0,,,58.816,2023.0,PNUD Human Development Reports,Banco Mundial - Poverty and Inequality Platform,Banco Mundial - World Development Indicators,REVISAR,IDH en ultimo anio oficial disponible (2022) por ausencia de 2023 en esta extraccion. Sin Gini 2015-2024 usable en WDI/PIP.
ZAF,710,South Africa,AFR,0.717,2022.0,54.1,2022.0,66.139,2023.0,PNUD Human Development Reports,Banco Mundial - Poverty and Inequality Platform,Banco Mundial - World Development Indicators,OK,IDH en ultimo anio oficial disponible (2022) por ausencia de 2023 en esta extraccion.
ZWE,716,Zimbabwe,AFR,0.55,2022.0,50.3,2019.0,62.775,2023.0,PNUD Human Development Reports,Banco Mundial - Poverty and Inequality Platform,Banco Mundial - World Development Indicators,OK,IDH en ultimo anio oficial disponible (2022) por ausencia de 2023 en esta extraccion.
ESP,724,Spain,EUR,0.911,2022.0,33.4,2023.0,83.9341463414634,2023.0,PNUD Human Development Reports,Banco Mundial - Poverty and Inequality Platform,Banco Mundial - World Development Indicators,OK,IDH en ultimo anio oficial disponible (2022) por ausencia de 2023 en esta extraccion.
SSD,728,South Sudan,AFR,0.381,2022.0,44.0,2016.0,57.617,2023.0,PNUD Human Development Reports,Banco Mundial - Poverty and Inequality Platform,Banco Mundial - World Development Indicators,OK,IDH en ultimo anio oficial disponible (2022) por ausencia de 2023 en esta extraccion. Gini seleccionado en 2015-2018 (antiguo).
SDN,729,Sudan,AFR,0.516,2022.0,,,66.331,2023.0,PNUD Human Development Reports,Banco Mundial - Poverty and Inequality Platform,Banco Mundial - World Development Indicators,REVISAR,IDH en ultimo anio oficial disponible (2022) por ausencia de 2023 en esta extraccion. Sin Gini 2015-2024 usable en WDI/PIP.
ESH,732,Western Sahara,AFR,,,,,,,PNUD Human Development Reports,Banco Mundial - Poverty and Inequality Platform,Banco Mundial - World Development Indicators,REVISAR,Entidad SEGUN_FUENTE; sin imputacion si la fuente no publica valor separado. Sin IDH disponible en la serie oficial PNUD usada para esta entidad. Sin Gini 2015-2024 usable en WDI/PIP. Sin esperanza de vida 2023/2022 usable en WDI.
SUR,740,Suriname,SAM,0.69,2022.0,39.2,2022.0,73.631,2023.0,PNUD Human Development Reports,Banco Mundial - Poverty and Inequality Platform,Banco Mundial - World Development Indicators,OK,IDH en ultimo anio oficial disponible (2022) por ausencia de 2023 en esta extraccion.
SJM,744,Svalbard and Jan Mayen,EUR,,,,,,,PNUD Human Development Reports,Banco Mundial - Poverty and Inequality Platform,Banco Mundial - World Development Indicators,REVISAR,Entidad SEGUN_FUENTE; sin imputacion si la fuente no publica valor separado. Sin IDH disponible en la serie oficial PNUD usada para esta entidad. Sin Gini 2015-2024 usable en WDI/PIP. Sin esperanza de vida 2023/2022 usable en WDI.
SWZ,748,Esuatini,AFR,0.61,2022.0,54.6,2016.0,64.123,2023.0,PNUD Human Development Reports,Banco Mundial - Poverty and Inequality Platform,Banco Mundial - World Development Indicators,OK,IDH en ultimo anio oficial disponible (2022) por ausencia de 2023 en esta extraccion. Gini seleccionado en 2015-2018 (antiguo).
SWE,752,Sweden,EUR,0.952,2022.0,29.3,2023.0,83.309756097561,2023.0,PNUD Human Development Reports,Banco Mundial - Poverty and Inequality Platform,Banco Mundial - World Development Indicators,OK,IDH en ultimo anio oficial disponible (2022) por ausencia de 2023 en esta extraccion.
CHE,756,Switzerland,EUR,0.967,2022.0,33.8,2022.0,84.1560975609756,2023.0,PNUD Human Development Reports,Banco Mundial - Poverty and Inequality Platform,Banco Mundial - World Development Indicators,OK,IDH en ultimo anio oficial disponible (2022) por ausencia de 2023 en esta extraccion.
SYR,760,Siria,MDE,0.557,2022.0,26.4,2022.0,72.12,2023.0,PNUD Human Development Reports,Banco Mundial - Poverty and Inequality Platform,Banco Mundial - World Development Indicators,OK,IDH en ultimo anio oficial disponible (2022) por ausencia de 2023 en esta extraccion.
TJK,762,Tajikistan,RUE,0.679,2022.0,36.1,2024.0,71.79,2023.0,PNUD Human Development Reports,Banco Mundial - Poverty and Inequality Platform,Banco Mundial - World Development Indicators,OK,IDH en ultimo anio oficial disponible (2022) por ausencia de 2023 en esta extraccion.
THA,764,Thailand,APC,0.803,2022.0,33.3,2024.0,76.412,2023.0,PNUD Human Development Reports,Banco Mundial - Poverty and Inequality Platform,Banco Mundial - World Development Indicators,OK,IDH en ultimo anio oficial disponible (2022) por ausencia de 2023 en esta extraccion.
TGO,768,Togo,AFR,0.547,2022.0,37.9,2021.0,62.74,2023.0,PNUD Human Development Reports,Banco Mundial - Poverty and Inequality Platform,Banco Mundial - World Development Indicators,OK,IDH en ultimo anio oficial disponible (2022) por ausencia de 2023 en esta extraccion.
TKL,772,Tokelau,APC,,,,,,,PNUD Human Development Reports,Banco Mundial - Poverty and Inequality Platform,Banco Mundial - World Development Indicators,REVISAR,Entidad SEGUN_FUENTE; sin imputacion si la fuente no publica valor separado. Sin IDH disponible en la serie oficial PNUD usada para esta entidad. Sin Gini 2015-2024 usable en WDI/PIP. Sin esperanza de vida 2023/2022 usable en WDI.
TON,776,Tonga,APC,0.739,2022.0,27.1,2021.0,72.895,2023.0,PNUD Human Development Reports,Banco Mundial - Poverty and Inequality Platform,Banco Mundial - World Development Indicators,OK,IDH en ultimo anio oficial disponible (2022) por ausencia de 2023 en esta extraccion.
TTO,780,Trinidad and Tobago,NAC,0.814,2022.0,,,73.49,2023.0,PNUD Human Development Reports,Banco Mundial - Poverty and Inequality Platform,Banco Mundial - World Development Indicators,REVISAR,IDH en ultimo anio oficial disponible (2022) por ausencia de 2023 en esta extraccion. Sin Gini 2015-2024 usable en WDI/PIP.
ARE,784,United Arab Emirates,MDE,0.937,2022.0,26.4,2018.0,82.909,2023.0,PNUD Human Development Reports,Banco Mundial - Poverty and Inequality Platform,Banco Mundial - World Development Indicators,OK,IDH en ultimo anio oficial disponible (2022) por ausencia de 2023 en esta extraccion. Gini seleccionado en 2015-2018 (antiguo).
TUN,788,Tunisia,AFR,0.732,2022.0,33.7,2021.0,76.508,2023.0,PNUD Human Development Reports,Banco Mundial - Poverty and Inequality Platform,Banco Mundial - World Development Indicators,OK,IDH en ultimo anio oficial disponible (2022) por ausencia de 2023 en esta extraccion.
TUR,792,Turquía,MDE,0.855,2022.0,43.7,2023.0,77.156,2023.0,PNUD Human Development Reports,Banco Mundial - Poverty and Inequality Platform,Banco Mundial - World Development Indicators,OK,IDH en ultimo anio oficial disponible (2022) por ausencia de 2023 en esta extraccion.
TKM,795,Turkmenistan,RUE,0.744,2022.0,,,70.073,2023.0,PNUD Human Development Reports,Banco Mundial - Poverty and Inequality Platform,Banco Mundial - World Development Indicators,REVISAR,IDH en ultimo anio oficial disponible (2022) por ausencia de 2023 en esta extraccion. Sin Gini 2015-2024 usable en WDI/PIP.
TCA,796,Turks and Caicos Islands,NAC,,,,,78.008,2023.0,PNUD Human Development Reports,Banco Mundial - Poverty and Inequality Platform,Banco Mundial - World Development Indicators,REVISAR,Entidad SEGUN_FUENTE; sin imputacion si la fuente no publica valor separado. Sin IDH disponible en la serie oficial PNUD usada para esta entidad. Sin Gini 2015-2024 usable en WDI/PIP.
TUV,798,Tuvalu,APC,0.653,2022.0,,,67.105,2023.0,PNUD Human Development Reports,Banco Mundial - Poverty and Inequality Platform,Banco Mundial - World Development Indicators,REVISAR,IDH en ultimo anio oficial disponible (2022) por ausencia de 2023 en esta extraccion. Sin Gini 2015-2024 usable en WDI/PIP.
UGA,800,Uganda,AFR,0.55,2022.0,42.7,2019.0,68.252,2023.0,PNUD Human Development Reports,Banco Mundial - Poverty and Inequality Platform,Banco Mundial - World Development Indicators,OK,IDH en ultimo anio oficial disponible (2022) por ausencia de 2023 en esta extraccion.
UKR,804,Ukraine,EUR,0.734,2022.0,25.6,2020.0,73.422,2023.0,PNUD Human Development Reports,Banco Mundial - Poverty and Inequality Platform,Banco Mundial - World Development Indicators,OK,IDH en ultimo anio oficial disponible (2022) por ausencia de 2023 en esta extraccion.
MKD,807,North Macedonia,EUR,0.765,2022.0,33.5,2019.0,75.3160975609756,2023.0,PNUD Human Development Reports,Banco Mundial - Poverty and Inequality Platform,Banco Mundial - World Development Indicators,OK,IDH en ultimo anio oficial disponible (2022) por ausencia de 2023 en esta extraccion.
EGY,818,Egypt,AFR,0.728,2022.0,28.5,2021.0,71.633,2023.0,PNUD Human Development Reports,Banco Mundial - Poverty and Inequality Platform,Banco Mundial - World Development Indicators,OK,IDH en ultimo anio oficial disponible (2022) por ausencia de 2023 en esta extraccion.
GBR,826,Reino Unido,EUR,0.94,2022.0,32.4,2021.0,81.2380975609756,2023.0,PNUD Human Development Reports,Banco Mundial - Poverty and Inequality Platform,Banco Mundial - World Development Indicators,OK,IDH en ultimo anio oficial disponible (2022) por ausencia de 2023 en esta extraccion.
GGY,831,Guernsey,EUR,,,,,,,PNUD Human Development Reports,Banco Mundial - Poverty and Inequality Platform,Banco Mundial - World Development Indicators,REVISAR,Entidad SEGUN_FUENTE; sin imputacion si la fuente no publica valor separado. Sin IDH disponible en la serie oficial PNUD usada para esta entidad. Sin Gini 2015-2024 usable en WDI/PIP. Sin esperanza de vida 2023/2022 usable en WDI.
JEY,832,Jersey,EUR,,,,,,,PNUD Human Development Reports,Banco Mundial - Poverty and Inequality Platform,Banco Mundial - World Development Indicators,REVISAR,Entidad SEGUN_FUENTE; sin imputacion si la fuente no publica valor separado. Sin IDH disponible en la serie oficial PNUD usada para esta entidad. Sin Gini 2015-2024 usable en WDI/PIP. Sin esperanza de vida 2023/2022 usable en WDI.
IMN,833,Isle of Man,EUR,,,,,80.999,2023.0,PNUD Human Development Reports,Banco Mundial - Poverty and Inequality Platform,Banco Mundial - World Development Indicators,REVISAR,Entidad SEGUN_FUENTE; sin imputacion si la fuente no publica valor separado. Sin IDH disponible en la serie oficial PNUD usada para esta entidad. Sin Gini 2015-2024 usable en WDI/PIP.
TZA,834,Tanzania,AFR,0.532,2022.0,40.5,2018.0,66.995,2023.0,PNUD Human Development Reports,Banco Mundial - Poverty and Inequality Platform,Banco Mundial - World Development Indicators,OK,IDH en ultimo anio oficial disponible (2022) por ausencia de 2023 en esta extraccion. Gini seleccionado en 2015-2018 (antiguo).
USA,840,Estados Unidos,NAC,0.927,2022.0,41.8,2024.0,78.3853658536585,2023.0,PNUD Human Development Reports,Banco Mundial - Poverty and Inequality Platform,Banco Mundial - World Development Indicators,OK,IDH en ultimo anio oficial disponible (2022) por ausencia de 2023 en esta extraccion.
VIR,850,"Virgin Islands, U.S.",NAC,,,,,80.519512195122,2023.0,PNUD Human Development Reports,Banco Mundial - Poverty and Inequality Platform,Banco Mundial - World Development Indicators,REVISAR,Entidad SEGUN_FUENTE; sin imputacion si la fuente no publica valor separado. Sin IDH disponible en la serie oficial PNUD usada para esta entidad. Sin Gini 2015-2024 usable en WDI/PIP.
BFA,854,Burkina Faso,AFR,0.438,2022.0,37.4,2021.0,61.092,2023.0,PNUD Human Development Reports,Banco Mundial - Poverty and Inequality Platform,Banco Mundial - World Development Indicators,OK,IDH en ultimo anio oficial disponible (2022) por ausencia de 2023 en esta extraccion.
URY,858,Uruguay,SAM,0.83,2022.0,40.0,2024.0,78.138,2023.0,PNUD Human Development Reports,Banco Mundial - Poverty and Inequality Platform,Banco Mundial - World Development Indicators,OK,IDH en ultimo anio oficial disponible (2022) por ausencia de 2023 en esta extraccion.
UZB,860,Uzbekistan,RUE,0.727,2022.0,34.6,2024.0,72.388,2023.0,PNUD Human Development Reports,Banco Mundial - Poverty and Inequality Platform,Banco Mundial - World Development Indicators,OK,IDH en ultimo anio oficial disponible (2022) por ausencia de 2023 en esta extraccion.
VEN,862,Venezuela,SAM,0.699,2022.0,,,72.514,2023.0,PNUD Human Development Reports,Banco Mundial - Poverty and Inequality Platform,Banco Mundial - World Development Indicators,REVISAR,IDH en ultimo anio oficial disponible (2022) por ausencia de 2023 en esta extraccion. Sin Gini 2015-2024 usable en WDI/PIP.
WLF,876,Wallis and Futuna,APC,,,,,,,PNUD Human Development Reports,Banco Mundial - Poverty and Inequality Platform,Banco Mundial - World Development Indicators,REVISAR,Entidad SEGUN_FUENTE; sin imputacion si la fuente no publica valor separado. Sin IDH disponible en la serie oficial PNUD usada para esta entidad. Sin Gini 2015-2024 usable en WDI/PIP. Sin esperanza de vida 2023/2022 usable en WDI.
WSM,882,Samoa,APC,0.702,2022.0,,,71.698,2023.0,PNUD Human Development Reports,Banco Mundial - Poverty and Inequality Platform,Banco Mundial - World Development Indicators,REVISAR,IDH en ultimo anio oficial disponible (2022) por ausencia de 2023 en esta extraccion. Sin Gini 2015-2024 usable en WDI/PIP.
YEM,887,Yemen,MDE,0.424,2022.0,,,69.295,2023.0,PNUD Human Development Reports,Banco Mundial - Poverty and Inequality Platform,Banco Mundial - World Development Indicators,REVISAR,IDH en ultimo anio oficial disponible (2022) por ausencia de 2023 en esta extraccion. Sin Gini 2015-2024 usable en WDI/PIP.
ZMB,894,Zambia,AFR,0.569,2022.0,51.5,2022.0,66.349,2023.0,PNUD Human Development Reports,Banco Mundial - Poverty and Inequality Platform,Banco Mundial - World Development Indicators,OK,IDH en ultimo anio oficial disponible (2022) por ausencia de 2023 en esta extraccion.
XKX,,Kosovo,EUR,,,38.3,2022.0,78.033,2023.0,PNUD Human Development Reports,Banco Mundial - Poverty and Inequality Platform,Banco Mundial - World Development Indicators,REVISAR,Entidad SEGUN_FUENTE; sin imputacion si la fuente no publica valor separado. Sin IDH disponible en la serie oficial PNUD usada para esta entidad. XKX revisado expresamente; mantener separado de SRB sin duplicidad.
