codigo_iso3,codigo_m49,nombre_es,area_codigo,area_nombre,tipo_entidad,incluir_calculos,superficie_km2,anio_superficie,poblacion_2025,poblacion_2050,edad_mediana_2025,fuente_superficie,fuente_poblacion,estado_revision,observaciones_datos
AFG,004,Afghanistan,SAI,Subcontinente indio,PAIS_SOBERANO,SI,652230.0,2023.0,43844116.0,76885136.0,,"FAOSTAT 2025, processed by Our World in Data","UN WPP 2024, processed by Our World in Data",OK,
ALB,008,Albania,EUR,Europa,PAIS_SOBERANO,SI,27400.0,2023.0,2771507.0,2240170.0,,"FAOSTAT 2025, processed by Our World in Data","UN WPP 2024, processed by Our World in Data",OK,
DZA,012,Algeria,AFR,África,PAIS_SOBERANO,SI,2381740.0,2023.0,47435310.0,59565550.0,,"FAOSTAT 2025, processed by Our World in Data","UN WPP 2024, processed by Our World in Data",OK,
ASM,016,American Samoa,APC,Asia-Pacífico,TERRITORIO_DEPENDIENTE,SEGUN_FUENTE,200.0,2023.0,46053.0,37570.0,,"FAOSTAT 2025, processed by Our World in Data","UN WPP 2024, processed by Our World in Data",OK,
AND,020,Andorra,EUR,Europa,PAIS_SOBERANO,SI,470.0,2023.0,82920.0,82213.0,,"FAOSTAT 2025, processed by Our World in Data","UN WPP 2024, processed by Our World in Data",OK,
AGO,024,Angola,AFR,África,PAIS_SOBERANO,SI,1246700.0,2023.0,39040034.0,74295397.0,,"FAOSTAT 2025, processed by Our World in Data","UN WPP 2024, processed by Our World in Data",OK,
ATG,028,Antigua and Barbuda,NAC,Norteamérica y Caribe,PAIS_SOBERANO,SI,440.0,2023.0,94222.0,95062.0,,"FAOSTAT 2025, processed by Our World in Data","UN WPP 2024, processed by Our World in Data",OK,
AZE,031,Azerbaijan,RUE,Rusia y Eurasia postsoviética,PAIS_SOBERANO,SI,82650.0,2023.0,10397712.0,11224921.0,,"FAOSTAT 2025, processed by Our World in Data","UN WPP 2024, processed by Our World in Data",OK,
ARG,032,Argentina,SAM,Sudamérica,PAIS_SOBERANO,SI,2736690.0,2023.0,45851379.0,48308945.0,,"FAOSTAT 2025, processed by Our World in Data","UN WPP 2024, processed by Our World in Data",OK,
AUS,036,Australia,APC,Asia-Pacífico,PAIS_SOBERANO,SI,7692020.0,2023.0,26974024.0,32506964.0,,"FAOSTAT 2025, processed by Our World in Data","UN WPP 2024, processed by Our World in Data",OK,
AUT,040,Austria,EUR,Europa,PAIS_SOBERANO,SI,82520.0,2023.0,9113578.0,8724335.0,,"FAOSTAT 2025, processed by Our World in Data","UN WPP 2024, processed by Our World in Data",OK,
BHS,044,Bahamas,NAC,Norteamérica y Caribe,PAIS_SOBERANO,SI,10010.0,2023.0,403040.0,424272.0,,"FAOSTAT 2025, processed by Our World in Data","UN WPP 2024, processed by Our World in Data",OK,
BHR,048,Bahrain,MDE,Oriente Medio,PAIS_SOBERANO,SI,800.0,2023.0,1643338.0,2139472.0,,"FAOSTAT 2025, processed by Our World in Data","UN WPP 2024, processed by Our World in Data",OK,
BGD,050,Bangladesh,SAI,Subcontinente indio,PAIS_SOBERANO,SI,129980.0,2023.0,175686904.0,214709097.0,,"FAOSTAT 2025, processed by Our World in Data","UN WPP 2024, processed by Our World in Data",OK,
ARM,051,Armenia,RUE,Rusia y Eurasia postsoviética,PAIS_SOBERANO,SI,28199.44,2023.0,2952355.0,2495200.0,,"FAOSTAT 2025, processed by Our World in Data","UN WPP 2024, processed by Our World in Data",OK,
BRB,052,Barbados,NAC,Norteamérica y Caribe,PAIS_SOBERANO,SI,430.0,2023.0,282628.0,264225.0,,"FAOSTAT 2025, processed by Our World in Data","UN WPP 2024, processed by Our World in Data",OK,
BEL,056,Belgium,EUR,Europa,PAIS_SOBERANO,SI,30494.0,2023.0,11758601.0,11870903.0,,"FAOSTAT 2025, processed by Our World in Data","UN WPP 2024, processed by Our World in Data",OK,
BMU,060,Bermuda,NAC,Norteamérica y Caribe,TERRITORIO_DEPENDIENTE,SEGUN_FUENTE,54.0,2023.0,64574.0,56957.0,,"FAOSTAT 2025, processed by Our World in Data","UN WPP 2024, processed by Our World in Data",OK,
BTN,064,Bhutan,SAI,Subcontinente indio,PAIS_SOBERANO,SI,38140.0,2023.0,796689.0,882345.0,,"FAOSTAT 2025, processed by Our World in Data","UN WPP 2024, processed by Our World in Data",OK,
BOL,068,Bolivia,SAM,Sudamérica,PAIS_SOBERANO,SI,1083300.0,2023.0,12581847.0,16110163.0,,"FAOSTAT 2025, processed by Our World in Data","UN WPP 2024, processed by Our World in Data",OK,
BIH,070,Bosnia and Herzegovina,EUR,Europa,PAIS_SOBERANO,SI,51200.0,2023.0,3140098.0,2455171.0,,"FAOSTAT 2025, processed by Our World in Data","UN WPP 2024, processed by Our World in Data",OK,
BWA,072,Botswana,AFR,África,PAIS_SOBERANO,SI,566730.0,2023.0,2562125.0,3437433.0,,"FAOSTAT 2025, processed by Our World in Data","UN WPP 2024, processed by Our World in Data",OK,
BRA,076,Brazil,SAM,Sudamérica,PAIS_SOBERANO,SI,8358140.0,2023.0,212812397.0,217489300.0,,"FAOSTAT 2025, processed by Our World in Data","UN WPP 2024, processed by Our World in Data",OK,
BLZ,084,Belize,NAC,Norteamérica y Caribe,PAIS_SOBERANO,SI,22810.0,2023.0,422927.0,516628.0,,"FAOSTAT 2025, processed by Our World in Data","UN WPP 2024, processed by Our World in Data",OK,
IOT,086,British Indian Ocean Territory,AFR,África,TERRITORIO_DEPENDIENTE,SEGUN_FUENTE,,,,,,"FAOSTAT 2025, processed by Our World in Data","UN WPP 2024, processed by Our World in Data",REVISAR,
SLB,090,Solomon Islands,APC,Asia-Pacífico,PAIS_SOBERANO,SI,27990.0,2023.0,838655.0,1309112.0,,"FAOSTAT 2025, processed by Our World in Data","UN WPP 2024, processed by Our World in Data",OK,
VGB,092,"Virgin Islands, British",NAC,Norteamérica y Caribe,TERRITORIO_DEPENDIENTE,SEGUN_FUENTE,150.0,2023.0,39750.0,40360.0,,"FAOSTAT 2025, processed by Our World in Data","UN WPP 2024, processed by Our World in Data",OK,
BRN,096,Brunéi,APC,Asia-Pacífico,PAIS_SOBERANO,SI,5270.0,2023.0,466338.0,519557.0,,"FAOSTAT 2025, processed by Our World in Data","UN WPP 2024, processed by Our World in Data",OK,
BGR,100,Bulgaria,EUR,Europa,PAIS_SOBERANO,SI,108560.0,2023.0,6714556.0,5402218.0,,"FAOSTAT 2025, processed by Our World in Data","UN WPP 2024, processed by Our World in Data",OK,
MMR,104,Myanmar,APC,Asia-Pacífico,PAIS_SOBERANO,SI,652670.0,2023.0,54850648.0,58623233.0,,"FAOSTAT 2025, processed by Our World in Data","UN WPP 2024, processed by Our World in Data",OK,
BDI,108,Burundi,AFR,África,PAIS_SOBERANO,SI,25680.0,2023.0,14390015.0,24131721.0,,"FAOSTAT 2025, processed by Our World in Data","UN WPP 2024, processed by Our World in Data",OK,
BLR,112,Belarus,RUE,Rusia y Eurasia postsoviética,PAIS_SOBERANO,SI,202983.0,2023.0,8997601.0,7453542.0,,"FAOSTAT 2025, processed by Our World in Data","UN WPP 2024, processed by Our World in Data",OK,
KHM,116,Cambodia,APC,Asia-Pacífico,PAIS_SOBERANO,SI,176520.0,2023.0,17847981.0,21931455.0,,"FAOSTAT 2025, processed by Our World in Data","UN WPP 2024, processed by Our World in Data",OK,
CMR,120,Cameroon,AFR,África,PAIS_SOBERANO,SI,472710.0,2023.0,29879341.0,51096324.0,,"FAOSTAT 2025, processed by Our World in Data","UN WPP 2024, processed by Our World in Data",OK,
CAN,124,Canada,NAC,Norteamérica y Caribe,PAIS_SOBERANO,SI,8788700.0,2023.0,40126728.0,45621880.0,,"FAOSTAT 2025, processed by Our World in Data","UN WPP 2024, processed by Our World in Data",OK,
CPV,132,Cabo Verde,AFR,África,PAIS_SOBERANO,SI,4030.0,2023.0,527333.0,566142.0,,"FAOSTAT 2025, processed by Our World in Data","UN WPP 2024, processed by Our World in Data",OK,
CYM,136,Cayman Islands,NAC,Norteamérica y Caribe,PAIS_SOBERANO,SI,240.0,2023.0,75861.0,103970.0,,"FAOSTAT 2025, processed by Our World in Data","UN WPP 2024, processed by Our World in Data",OK,
CAF,140,Central African Republic,AFR,África,PAIS_SOBERANO,SI,622980.0,2023.0,5513286.0,10616753.0,,"FAOSTAT 2025, processed by Our World in Data","UN WPP 2024, processed by Our World in Data",OK,
LKA,144,Sri Lanka,SAI,Subcontinente indio,PAIS_SOBERANO,SI,61860.0,2023.0,23229474.0,24813694.0,,"FAOSTAT 2025, processed by Our World in Data","UN WPP 2024, processed by Our World in Data",OK,
TCD,148,Chad,AFR,África,PAIS_SOBERANO,SI,1259200.0,2023.0,21003701.0,38857686.0,,"FAOSTAT 2025, processed by Our World in Data","UN WPP 2024, processed by Our World in Data",OK,
CHL,152,Chile,SAM,Sudamérica,PAIS_SOBERANO,SI,742831.7,2023.0,19859919.0,20320305.0,,"FAOSTAT 2025, processed by Our World in Data","UN WPP 2024, processed by Our World in Data",OK,
CHN,156,China,CHN,China,PAIS_SOBERANO,SI,9388210.0,2023.0,1416096093.0,1260289089.0,,"FAOSTAT 2025, processed by Our World in Data","UN WPP 2024, processed by Our World in Data",OK,
TWN,158,"Taiwan, Province of China",APC,Asia-Pacífico,ENTIDAD_ESTADISTICA,SEGUN_FUENTE,35410.0,2023.0,23112797.0,19434600.0,,"FAOSTAT 2025, processed by Our World in Data","UN WPP 2024, processed by Our World in Data",OK,
CXR,162,Christmas Island,APC,Asia-Pacífico,TERRITORIO_DEPENDIENTE,SEGUN_FUENTE,,,,,,"FAOSTAT 2025, processed by Our World in Data","UN WPP 2024, processed by Our World in Data",REVISAR,
CCK,166,Cocos (Keeling) Islands,APC,Asia-Pacífico,TERRITORIO_DEPENDIENTE,SEGUN_FUENTE,,,,,,"FAOSTAT 2025, processed by Our World in Data","UN WPP 2024, processed by Our World in Data",REVISAR,
COL,170,Colombia,SAM,Sudamérica,PAIS_SOBERANO,SI,1109500.0,2023.0,53425629.0,59385352.0,,"FAOSTAT 2025, processed by Our World in Data","UN WPP 2024, processed by Our World in Data",OK,
COM,174,Comoros,AFR,África,PAIS_SOBERANO,SI,1861.0,2023.0,882851.0,1307561.0,,"FAOSTAT 2025, processed by Our World in Data","UN WPP 2024, processed by Our World in Data",OK,
MYT,175,Mayotte,AFR,África,TERRITORIO_DEPENDIENTE,SEGUN_FUENTE,366.26,2023.0,337019.0,645436.0,,"FAOSTAT 2025, processed by Our World in Data","UN WPP 2024, processed by Our World in Data",OK,
COG,178,Congo,AFR,África,PAIS_SOBERANO,SI,341500.0,2023.0,6484437.0,11006470.0,,"FAOSTAT 2025, processed by Our World in Data","UN WPP 2024, processed by Our World in Data",OK,
COD,180,"Congo, The Democratic Republic of the",AFR,África,PAIS_SOBERANO,SI,2267050.0,2023.0,112832475.0,218246071.0,,"FAOSTAT 2025, processed by Our World in Data","UN WPP 2024, processed by Our World in Data",OK,
COK,184,Cook Islands,APC,Asia-Pacífico,TERRITORIO_DEPENDIENTE,SEGUN_FUENTE,240.0,2023.0,13280.0,9359.0,,"FAOSTAT 2025, processed by Our World in Data","UN WPP 2024, processed by Our World in Data",OK,
CRI,188,Costa Rica,NAC,Norteamérica y Caribe,PAIS_SOBERANO,SI,51060.0,2023.0,5152949.0,5354149.0,,"FAOSTAT 2025, processed by Our World in Data","UN WPP 2024, processed by Our World in Data",OK,
HRV,191,Croatia,EUR,Europa,PAIS_SOBERANO,SI,55960.0,2023.0,3848164.0,3234155.0,,"FAOSTAT 2025, processed by Our World in Data","UN WPP 2024, processed by Our World in Data",OK,
CUB,192,Cuba,NAC,Norteamérica y Caribe,PAIS_SOBERANO,SI,103800.0,2023.0,10937203.0,9381995.0,,"FAOSTAT 2025, processed by Our World in Data","UN WPP 2024, processed by Our World in Data",OK,
CYP,196,Cyprus,EUR,Europa,PAIS_SOBERANO,SI,9240.0,2023.0,1370754.0,1508484.0,,"FAOSTAT 2025, processed by Our World in Data","UN WPP 2024, processed by Our World in Data",OK,
CZE,203,Chequia,EUR,Europa,PAIS_SOBERANO,SI,77167.31,2023.0,10609241.0,9825542.0,,"FAOSTAT 2025, processed by Our World in Data","UN WPP 2024, processed by Our World in Data",OK,
BEN,204,Benin,AFR,África,PAIS_SOBERANO,SI,112760.0,2023.0,14814460.0,24433814.0,,"FAOSTAT 2025, processed by Our World in Data","UN WPP 2024, processed by Our World in Data",OK,
DNK,208,Denmark,EUR,Europa,PAIS_SOBERANO,SI,40000.0,2023.0,6002515.0,6124830.0,,"FAOSTAT 2025, processed by Our World in Data","UN WPP 2024, processed by Our World in Data",OK,
DMA,212,Dominica,NAC,Norteamérica y Caribe,PAIS_SOBERANO,SI,750.0,2023.0,65892.0,63212.0,,"FAOSTAT 2025, processed by Our World in Data","UN WPP 2024, processed by Our World in Data",OK,
DOM,214,Dominican Republic,NAC,Norteamérica y Caribe,PAIS_SOBERANO,SI,48198.02,2023.0,11520483.0,12996292.0,,"FAOSTAT 2025, processed by Our World in Data","UN WPP 2024, processed by Our World in Data",OK,
ECU,218,Ecuador,SAM,Sudamérica,PAIS_SOBERANO,SI,248360.0,2023.0,18289898.0,21337230.0,,"FAOSTAT 2025, processed by Our World in Data","UN WPP 2024, processed by Our World in Data",OK,
SLV,222,El Salvador,NAC,Norteamérica y Caribe,PAIS_SOBERANO,SI,20720.0,2023.0,6365506.0,6663348.0,,"FAOSTAT 2025, processed by Our World in Data","UN WPP 2024, processed by Our World in Data",OK,
GNQ,226,Equatorial Guinea,AFR,África,PAIS_SOBERANO,SI,28050.0,2023.0,1938436.0,3143731.0,,"FAOSTAT 2025, processed by Our World in Data","UN WPP 2024, processed by Our World in Data",OK,
ETH,231,Ethiopia,AFR,África,PAIS_SOBERANO,SI,1128498.8,2023.0,135472048.0,225021870.0,,"FAOSTAT 2025, processed by Our World in Data","UN WPP 2024, processed by Our World in Data",OK,
ERI,232,Eritrea,AFR,África,PAIS_SOBERANO,SI,121178.2,2023.0,3607003.0,5696064.0,,"FAOSTAT 2025, processed by Our World in Data","UN WPP 2024, processed by Our World in Data",OK,
EST,233,Estonia,EUR,Europa,PAIS_SOBERANO,SI,42730.0,2023.0,1344236.0,1174264.0,,"FAOSTAT 2025, processed by Our World in Data","UN WPP 2024, processed by Our World in Data",OK,
FRO,234,Faroe Islands,EUR,Europa,TERRITORIO_DEPENDIENTE,SEGUN_FUENTE,1370.0,2023.0,56023.0,63060.0,,"FAOSTAT 2025, processed by Our World in Data","UN WPP 2024, processed by Our World in Data",OK,
FLK,238,Falkland Islands (Malvinas),SAM,Sudamérica,TERRITORIO_DEPENDIENTE,SEGUN_FUENTE,12170.0,2023.0,3493.0,3198.0,,"FAOSTAT 2025, processed by Our World in Data","UN WPP 2024, processed by Our World in Data",OK,
FJI,242,Fiji,APC,Asia-Pacífico,PAIS_SOBERANO,SI,18270.0,2023.0,933159.0,1000265.0,,"FAOSTAT 2025, processed by Our World in Data","UN WPP 2024, processed by Our World in Data",OK,
FIN,246,Finland,EUR,Europa,PAIS_SOBERANO,SI,303960.0,2023.0,5623328.0,5351645.0,,"FAOSTAT 2025, processed by Our World in Data","UN WPP 2024, processed by Our World in Data",OK,
ALA,248,Åland Islands,EUR,Europa,TERRITORIO_DEPENDIENTE,SEGUN_FUENTE,,,,,,"FAOSTAT 2025, processed by Our World in Data","UN WPP 2024, processed by Our World in Data",REVISAR,
FRA,250,France,EUR,Europa,PAIS_SOBERANO,SI,538950.0,2023.0,66650804.0,68219681.0,,"FAOSTAT 2025, processed by Our World in Data","UN WPP 2024, processed by Our World in Data",OK,
GUF,254,French Guiana,SAM,Sudamérica,TERRITORIO_DEPENDIENTE,SEGUN_FUENTE,82810.0,2023.0,313665.0,471927.0,,"FAOSTAT 2025, processed by Our World in Data","UN WPP 2024, processed by Our World in Data",OK,
PYF,258,French Polynesia,APC,Asia-Pacífico,TERRITORIO_DEPENDIENTE,SEGUN_FUENTE,3471.0,2023.0,282468.0,284761.0,,"FAOSTAT 2025, processed by Our World in Data","UN WPP 2024, processed by Our World in Data",OK,
DJI,262,Djibouti,AFR,África,PAIS_SOBERANO,SI,23180.0,2023.0,1184082.0,1530546.0,,"FAOSTAT 2025, processed by Our World in Data","UN WPP 2024, processed by Our World in Data",OK,
GAB,266,Gabon,AFR,África,PAIS_SOBERANO,SI,257670.0,2023.0,2593131.0,4084539.0,,"FAOSTAT 2025, processed by Our World in Data","UN WPP 2024, processed by Our World in Data",OK,
GEO,268,Georgia,RUE,Rusia y Eurasia postsoviética,PAIS_SOBERANO,SI,69490.0,2023.0,3806669.0,3664012.0,,"FAOSTAT 2025, processed by Our World in Data","UN WPP 2024, processed by Our World in Data",OK,
GMB,270,Gambia,AFR,África,PAIS_SOBERANO,SI,10120.0,2023.0,2822094.0,4301899.0,,"FAOSTAT 2025, processed by Our World in Data","UN WPP 2024, processed by Our World in Data",OK,
PSE,275,Palestina,MDE,Oriente Medio,PAIS_SOBERANO,SI,6025.0,2023.0,5589632.0,8451896.0,,"FAOSTAT 2025, processed by Our World in Data","UN WPP 2024, processed by Our World in Data",OK,
DEU,276,Germany,EUR,Europa,PAIS_SOBERANO,SI,349430.0,2023.0,84075075.0,78294606.0,,"FAOSTAT 2025, processed by Our World in Data","UN WPP 2024, processed by Our World in Data",OK,
GHA,288,Ghana,AFR,África,PAIS_SOBERANO,SI,227533.0,2023.0,35064277.0,50553046.0,,"FAOSTAT 2025, processed by Our World in Data","UN WPP 2024, processed by Our World in Data",OK,
GIB,292,Gibraltar,EUR,Europa,TERRITORIO_DEPENDIENTE,SEGUN_FUENTE,10.0,2023.0,40152.0,49819.0,,"FAOSTAT 2025, processed by Our World in Data","UN WPP 2024, processed by Our World in Data",OK,
KIR,296,Kiribati,APC,Asia-Pacífico,PAIS_SOBERANO,SI,810.0,2023.0,136505.0,182635.0,,"FAOSTAT 2025, processed by Our World in Data","UN WPP 2024, processed by Our World in Data",OK,
GRC,300,Greece,EUR,Europa,PAIS_SOBERANO,SI,128900.0,2023.0,9938847.0,8812069.0,,"FAOSTAT 2025, processed by Our World in Data","UN WPP 2024, processed by Our World in Data",OK,
GRL,304,Greenland,NAC,Norteamérica y Caribe,TERRITORIO_DEPENDIENTE,SEGUN_FUENTE,410450.0,2023.0,55767.0,49919.0,,"FAOSTAT 2025, processed by Our World in Data","UN WPP 2024, processed by Our World in Data",OK,
GRD,308,Grenada,NAC,Norteamérica y Caribe,PAIS_SOBERANO,SI,340.0,2023.0,117315.0,113255.0,,"FAOSTAT 2025, processed by Our World in Data","UN WPP 2024, processed by Our World in Data",OK,
GLP,312,Guadeloupe,NAC,Norteamérica y Caribe,TERRITORIO_DEPENDIENTE,SEGUN_FUENTE,1620.0,2023.0,373796.0,326331.0,,"FAOSTAT 2025, processed by Our World in Data","UN WPP 2024, processed by Our World in Data",OK,
GUM,316,Guam,APC,Asia-Pacífico,TERRITORIO_DEPENDIENTE,SEGUN_FUENTE,540.0,2023.0,169014.0,191464.0,,"FAOSTAT 2025, processed by Our World in Data","UN WPP 2024, processed by Our World in Data",OK,
GTM,320,Guatemala,NAC,Norteamérica y Caribe,PAIS_SOBERANO,SI,107160.0,2023.0,18687881.0,24670861.0,,"FAOSTAT 2025, processed by Our World in Data","UN WPP 2024, processed by Our World in Data",OK,
GIN,324,Guinea,AFR,África,PAIS_SOBERANO,SI,245720.0,2023.0,15099731.0,23404593.0,,"FAOSTAT 2025, processed by Our World in Data","UN WPP 2024, processed by Our World in Data",OK,
GUY,328,Guyana,SAM,Sudamérica,PAIS_SOBERANO,SI,211140.0,2023.0,835991.0,940608.0,,"FAOSTAT 2025, processed by Our World in Data","UN WPP 2024, processed by Our World in Data",OK,
HTI,332,Haiti,NAC,Norteamérica y Caribe,PAIS_SOBERANO,SI,27560.0,2023.0,11906094.0,14710871.0,,"FAOSTAT 2025, processed by Our World in Data","UN WPP 2024, processed by Our World in Data",OK,
VAT,336,Holy See (Vatican City State),EUR,Europa,PAIS_SOBERANO,SI,0.44,2023.0,510.0,720.0,,"FAOSTAT 2025, processed by Our World in Data","UN WPP 2024, processed by Our World in Data",OK,
HND,340,Honduras,NAC,Norteamérica y Caribe,PAIS_SOBERANO,SI,111890.0,2023.0,11005852.0,14846781.0,,"FAOSTAT 2025, processed by Our World in Data","UN WPP 2024, processed by Our World in Data",OK,
HKG,344,Hong Kong,CHN,China,REGION_ESPECIAL,SEGUN_FUENTE,1050.0,2023.0,7396075.0,6090616.0,,"FAOSTAT 2025, processed by Our World in Data","UN WPP 2024, processed by Our World in Data",OK,
HUN,348,Hungary,EUR,Europa,PAIS_SOBERANO,SI,91260.0,2023.0,9632286.0,8725349.0,,"FAOSTAT 2025, processed by Our World in Data","UN WPP 2024, processed by Our World in Data",OK,
ISL,352,Iceland,EUR,Europa,PAIS_SOBERANO,SI,100830.0,2023.0,398270.0,432997.0,,"FAOSTAT 2025, processed by Our World in Data","UN WPP 2024, processed by Our World in Data",OK,
IND,356,India,SAI,Subcontinente indio,PAIS_SOBERANO,SI,2973190.0,2023.0,1463865527.0,1679589264.0,,"FAOSTAT 2025, processed by Our World in Data","UN WPP 2024, processed by Our World in Data",OK,
IDN,360,Indonesia,APC,Asia-Pacífico,PAIS_SOBERANO,SI,1892555.5,2023.0,285721230.0,320712943.0,,"FAOSTAT 2025, processed by Our World in Data","UN WPP 2024, processed by Our World in Data",OK,
IRN,364,Irán,MDE,Oriente Medio,PAIS_SOBERANO,SI,1622500.0,2023.0,92417684.0,101861995.0,,"FAOSTAT 2025, processed by Our World in Data","UN WPP 2024, processed by Our World in Data",OK,
IRQ,368,Iraq,MDE,Oriente Medio,PAIS_SOBERANO,SI,434130.0,2023.0,47020778.0,71928759.0,,"FAOSTAT 2025, processed by Our World in Data","UN WPP 2024, processed by Our World in Data",OK,
IRL,372,Ireland,EUR,Europa,PAIS_SOBERANO,SI,68890.0,2023.0,5308035.0,5970040.0,,"FAOSTAT 2025, processed by Our World in Data","UN WPP 2024, processed by Our World in Data",OK,
ISR,376,Israel,MDE,Oriente Medio,PAIS_SOBERANO,SI,21640.0,2023.0,9517182.0,13092723.0,,"FAOSTAT 2025, processed by Our World in Data","UN WPP 2024, processed by Our World in Data",OK,
ITA,380,Italy,EUR,Europa,PAIS_SOBERANO,SI,295720.0,2023.0,59146263.0,51891098.0,,"FAOSTAT 2025, processed by Our World in Data","UN WPP 2024, processed by Our World in Data",OK,
CIV,384,Côte d'Ivoire,AFR,África,PAIS_SOBERANO,SI,318000.0,2023.0,32711546.0,55746985.0,,"FAOSTAT 2025, processed by Our World in Data","UN WPP 2024, processed by Our World in Data",OK,
JAM,388,Jamaica,NAC,Norteamérica y Caribe,PAIS_SOBERANO,SI,10830.0,2023.0,2837080.0,2454944.0,,"FAOSTAT 2025, processed by Our World in Data","UN WPP 2024, processed by Our World in Data",OK,
JPN,392,Japan,APC,Asia-Pacífico,PAIS_SOBERANO,SI,364569.24,2023.0,123103480.0,105123163.0,,"FAOSTAT 2025, processed by Our World in Data","UN WPP 2024, processed by Our World in Data",OK,
KAZ,398,Kazakhstan,RUE,Rusia y Eurasia postsoviética,PAIS_SOBERANO,SI,2699700.0,2023.0,20843758.0,26544266.0,,"FAOSTAT 2025, processed by Our World in Data","UN WPP 2024, processed by Our World in Data",OK,
JOR,400,Jordan,MDE,Oriente Medio,PAIS_SOBERANO,SI,88794.0,2023.0,11520687.0,16367354.0,,"FAOSTAT 2025, processed by Our World in Data","UN WPP 2024, processed by Our World in Data",OK,
KEN,404,Kenya,AFR,África,PAIS_SOBERANO,SI,580876.28,2023.0,57532491.0,83593234.0,,"FAOSTAT 2025, processed by Our World in Data","UN WPP 2024, processed by Our World in Data",OK,
PRK,408,Corea del Norte,APC,Asia-Pacífico,PAIS_SOBERANO,SI,120410.0,2023.0,26571043.0,25787129.0,,"FAOSTAT 2025, processed by Our World in Data","UN WPP 2024, processed by Our World in Data",OK,
KOR,410,Corea del Sur,APC,Asia-Pacífico,PAIS_SOBERANO,SI,97600.0,2023.0,51667035.0,45143134.0,,"FAOSTAT 2025, processed by Our World in Data","UN WPP 2024, processed by Our World in Data",OK,
KWT,414,Kuwait,MDE,Oriente Medio,PAIS_SOBERANO,SI,17820.0,2023.0,5026079.0,6367757.0,,"FAOSTAT 2025, processed by Our World in Data","UN WPP 2024, processed by Our World in Data",OK,
KGZ,417,Kyrgyzstan,RUE,Rusia y Eurasia postsoviética,PAIS_SOBERANO,SI,191800.0,2023.0,7295037.0,9642949.0,,"FAOSTAT 2025, processed by Our World in Data","UN WPP 2024, processed by Our World in Data",OK,
LAO,418,Lao People's Democratic Republic,APC,Asia-Pacífico,PAIS_SOBERANO,SI,230800.0,2023.0,7873048.0,9757284.0,,"FAOSTAT 2025, processed by Our World in Data","UN WPP 2024, processed by Our World in Data",OK,
LBN,422,Lebanon,MDE,Oriente Medio,PAIS_SOBERANO,SI,10230.0,2023.0,5849423.0,6999262.0,,"FAOSTAT 2025, processed by Our World in Data","UN WPP 2024, processed by Our World in Data",OK,
LSO,426,Lesotho,AFR,África,PAIS_SOBERANO,SI,30360.0,2023.0,2363330.0,2993088.0,,"FAOSTAT 2025, processed by Our World in Data","UN WPP 2024, processed by Our World in Data",OK,
LVA,428,Latvia,EUR,Europa,PAIS_SOBERANO,SI,62230.0,2023.0,1853560.0,1513807.0,,"FAOSTAT 2025, processed by Our World in Data","UN WPP 2024, processed by Our World in Data",OK,
LBR,430,Liberia,AFR,África,PAIS_SOBERANO,SI,96320.0,2023.0,5731206.0,8910534.0,,"FAOSTAT 2025, processed by Our World in Data","UN WPP 2024, processed by Our World in Data",OK,
LBY,434,Libya,AFR,África,PAIS_SOBERANO,SI,1759540.0,2023.0,7458554.0,9260610.0,,"FAOSTAT 2025, processed by Our World in Data","UN WPP 2024, processed by Our World in Data",OK,
LIE,438,Liechtenstein,EUR,Europa,PAIS_SOBERANO,SI,160.0,2023.0,40154.0,43024.0,,"FAOSTAT 2025, processed by Our World in Data","UN WPP 2024, processed by Our World in Data",OK,
LTU,440,Lithuania,EUR,Europa,PAIS_SOBERANO,SI,62600.0,2023.0,2830150.0,2258767.0,,"FAOSTAT 2025, processed by Our World in Data","UN WPP 2024, processed by Our World in Data",OK,
LUX,442,Luxembourg,EUR,Europa,PAIS_SOBERANO,SI,2574.4602,2023.0,680454.0,791461.0,,"FAOSTAT 2025, processed by Our World in Data","UN WPP 2024, processed by Our World in Data",OK,
MAC,446,Macao,CHN,China,REGION_ESPECIAL,SEGUN_FUENTE,33.0,2023.0,722018.0,668856.0,,"FAOSTAT 2025, processed by Our World in Data","UN WPP 2024, processed by Our World in Data",OK,
MDG,450,Madagascar,AFR,África,PAIS_SOBERANO,SI,581800.0,2023.0,32740682.0,53185473.0,,"FAOSTAT 2025, processed by Our World in Data","UN WPP 2024, processed by Our World in Data",OK,
MWI,454,Malawi,AFR,África,PAIS_SOBERANO,SI,94280.0,2023.0,22216118.0,37361675.0,,"FAOSTAT 2025, processed by Our World in Data","UN WPP 2024, processed by Our World in Data",OK,
MYS,458,Malaysia,APC,Asia-Pacífico,PAIS_SOBERANO,SI,328550.0,2023.0,35977834.0,44289762.0,,"FAOSTAT 2025, processed by Our World in Data","UN WPP 2024, processed by Our World in Data",OK,
MDV,462,Maldives,SAI,Subcontinente indio,PAIS_SOBERANO,SI,298.0,2023.0,529680.0,589963.0,,"FAOSTAT 2025, processed by Our World in Data","UN WPP 2024, processed by Our World in Data",OK,
MLI,466,Mali,AFR,África,PAIS_SOBERANO,SI,1220190.0,2023.0,25198819.0,46154082.0,,"FAOSTAT 2025, processed by Our World in Data","UN WPP 2024, processed by Our World in Data",OK,
MLT,470,Malta,EUR,Europa,PAIS_SOBERANO,SI,320.0,2023.0,545406.0,535728.0,,"FAOSTAT 2025, processed by Our World in Data","UN WPP 2024, processed by Our World in Data",OK,
MTQ,474,Martinique,NAC,Norteamérica y Caribe,TERRITORIO_DEPENDIENTE,SEGUN_FUENTE,1060.0,2023.0,340451.0,282076.0,,"FAOSTAT 2025, processed by Our World in Data","UN WPP 2024, processed by Our World in Data",OK,
MRT,478,Mauritania,AFR,África,PAIS_SOBERANO,SI,1030700.0,2023.0,5315072.0,9415604.0,,"FAOSTAT 2025, processed by Our World in Data","UN WPP 2024, processed by Our World in Data",OK,
MUS,480,Mauritius,AFR,África,PAIS_SOBERANO,SI,1997.0,2023.0,1268285.0,1107198.0,,"FAOSTAT 2025, processed by Our World in Data","UN WPP 2024, processed by Our World in Data",OK,
MEX,484,Mexico,NAC,Norteamérica y Caribe,PAIS_SOBERANO,SI,1943950.0,2023.0,131946897.0,148946266.0,,"FAOSTAT 2025, processed by Our World in Data","UN WPP 2024, processed by Our World in Data",OK,
MCO,492,Monaco,EUR,Europa,PAIS_SOBERANO,SI,2.084,2023.0,38367.0,36781.0,,"FAOSTAT 2025, processed by Our World in Data","UN WPP 2024, processed by Our World in Data",OK,
MNG,496,Mongolia,APC,Asia-Pacífico,PAIS_SOBERANO,SI,1558499.8,2023.0,3517097.0,4501492.0,,"FAOSTAT 2025, processed by Our World in Data","UN WPP 2024, processed by Our World in Data",OK,
MDA,498,Moldavia,EUR,Europa,PAIS_SOBERANO,SI,32930.0,2023.0,2996104.0,2351806.0,,"FAOSTAT 2025, processed by Our World in Data","UN WPP 2024, processed by Our World in Data",OK,
MNE,499,Montenegro,EUR,Europa,PAIS_SOBERANO,SI,13450.0,2023.0,632730.0,533299.0,,"FAOSTAT 2025, processed by Our World in Data","UN WPP 2024, processed by Our World in Data",OK,
MSR,500,Montserrat,NAC,Norteamérica y Caribe,TERRITORIO_DEPENDIENTE,SEGUN_FUENTE,100.0,2023.0,4383.0,3716.0,,"FAOSTAT 2025, processed by Our World in Data","UN WPP 2024, processed by Our World in Data",OK,
MAR,504,Morocco,AFR,África,PAIS_SOBERANO,SI,446300.0,2023.0,38430774.0,43440432.0,,"FAOSTAT 2025, processed by Our World in Data","UN WPP 2024, processed by Our World in Data",OK,
MOZ,508,Mozambique,AFR,África,PAIS_SOBERANO,SI,786380.0,2023.0,35631657.0,63530959.0,,"FAOSTAT 2025, processed by Our World in Data","UN WPP 2024, processed by Our World in Data",OK,
OMN,512,Oman,MDE,Oriente Medio,PAIS_SOBERANO,SI,309500.0,2023.0,5494696.0,7826998.0,,"FAOSTAT 2025, processed by Our World in Data","UN WPP 2024, processed by Our World in Data",OK,
NAM,516,Namibia,AFR,África,PAIS_SOBERANO,SI,823290.0,2023.0,3092821.0,4512303.0,,"FAOSTAT 2025, processed by Our World in Data","UN WPP 2024, processed by Our World in Data",OK,
NRU,520,Nauru,APC,Asia-Pacífico,PAIS_SOBERANO,SI,20.0,2023.0,12052.0,15779.0,,"FAOSTAT 2025, processed by Our World in Data","UN WPP 2024, processed by Our World in Data",OK,
NPL,524,Nepal,SAI,Subcontinente indio,PAIS_SOBERANO,SI,143350.0,2023.0,29618120.0,34642021.0,,"FAOSTAT 2025, processed by Our World in Data","UN WPP 2024, processed by Our World in Data",OK,
NLD,528,Netherlands,EUR,Europa,PAIS_SOBERANO,SI,33670.0,2023.0,18346823.0,18958470.0,,"FAOSTAT 2025, processed by Our World in Data","UN WPP 2024, processed by Our World in Data",OK,
CUW,531,Curaçao,NAC,Norteamérica y Caribe,TERRITORIO_DEPENDIENTE,SEGUN_FUENTE,444.0,2023.0,185495.0,173500.0,,"FAOSTAT 2025, processed by Our World in Data","UN WPP 2024, processed by Our World in Data",OK,
ABW,533,Aruba,NAC,Norteamérica y Caribe,TERRITORIO_DEPENDIENTE,SEGUN_FUENTE,180.0,2023.0,108157.0,100006.0,,"FAOSTAT 2025, processed by Our World in Data","UN WPP 2024, processed by Our World in Data",OK,
SXM,534,Sint Maarten (Dutch part),NAC,Norteamérica y Caribe,TERRITORIO_DEPENDIENTE,SEGUN_FUENTE,34.0,2023.0,43946.0,51040.0,,"FAOSTAT 2025, processed by Our World in Data","UN WPP 2024, processed by Our World in Data",OK,
BES,535,"Bonaire, Sint Eustatius and Saba",NAC,Norteamérica y Caribe,TERRITORIO_DEPENDIENTE,SEGUN_FUENTE,322.0,2023.0,31364.0,34760.0,,"FAOSTAT 2025, processed by Our World in Data","UN WPP 2024, processed by Our World in Data",OK,
NCL,540,New Caledonia,APC,Asia-Pacífico,TERRITORIO_DEPENDIENTE,SEGUN_FUENTE,18280.0,2023.0,295334.0,340592.0,,"FAOSTAT 2025, processed by Our World in Data","UN WPP 2024, processed by Our World in Data",OK,
VUT,548,Vanuatu,APC,Asia-Pacífico,PAIS_SOBERANO,SI,12190.0,2023.0,335180.0,534391.0,,"FAOSTAT 2025, processed by Our World in Data","UN WPP 2024, processed by Our World in Data",OK,
NZL,554,New Zealand,APC,Asia-Pacífico,PAIS_SOBERANO,SI,263310.0,2023.0,5251897.0,5755279.0,,"FAOSTAT 2025, processed by Our World in Data","UN WPP 2024, processed by Our World in Data",OK,
NIC,558,Nicaragua,NAC,Norteamérica y Caribe,PAIS_SOBERANO,SI,120340.0,2023.0,7007507.0,8756437.0,,"FAOSTAT 2025, processed by Our World in Data","UN WPP 2024, processed by Our World in Data",OK,
NER,562,Niger,AFR,África,PAIS_SOBERANO,SI,1266700.0,2023.0,27917831.0,52513881.0,,"FAOSTAT 2025, processed by Our World in Data","UN WPP 2024, processed by Our World in Data",OK,
NGA,566,Nigeria,AFR,África,PAIS_SOBERANO,SI,910770.0,2023.0,237527788.0,359185557.0,,"FAOSTAT 2025, processed by Our World in Data","UN WPP 2024, processed by Our World in Data",OK,
NIU,570,Niue,APC,Asia-Pacífico,TERRITORIO_DEPENDIENTE,SEGUN_FUENTE,260.0,2023.0,1842.0,1988.0,,"FAOSTAT 2025, processed by Our World in Data","UN WPP 2024, processed by Our World in Data",OK,
NFK,574,Norfolk Island,APC,Asia-Pacífico,TERRITORIO_DEPENDIENTE,SEGUN_FUENTE,40.0,2023.0,,,,"FAOSTAT 2025, processed by Our World in Data","UN WPP 2024, processed by Our World in Data",REVISAR,
NOR,578,Norway,EUR,Europa,PAIS_SOBERANO,SI,364270.0,2023.0,5623074.0,5899827.0,,"FAOSTAT 2025, processed by Our World in Data","UN WPP 2024, processed by Our World in Data",OK,
MNP,580,Northern Mariana Islands,APC,Asia-Pacífico,TERRITORIO_DEPENDIENTE,SEGUN_FUENTE,460.0,2023.0,43564.0,42785.0,,"FAOSTAT 2025, processed by Our World in Data","UN WPP 2024, processed by Our World in Data",OK,
FSM,583,"Micronesia, Federated States of",APC,Asia-Pacífico,PAIS_SOBERANO,SI,700.0,2023.0,113698.0,126420.0,,"FAOSTAT 2025, processed by Our World in Data","UN WPP 2024, processed by Our World in Data",OK,
MHL,584,Marshall Islands,APC,Asia-Pacífico,PAIS_SOBERANO,SI,180.0,2023.0,36305.0,25212.0,,"FAOSTAT 2025, processed by Our World in Data","UN WPP 2024, processed by Our World in Data",OK,
PLW,585,Palau,APC,Asia-Pacífico,PAIS_SOBERANO,SI,460.0,2023.0,17687.0,15537.0,,"FAOSTAT 2025, processed by Our World in Data","UN WPP 2024, processed by Our World in Data",OK,
PAK,586,Pakistan,SAI,Subcontinente indio,PAIS_SOBERANO,SI,770880.0,2023.0,255219560.0,371863799.0,,"FAOSTAT 2025, processed by Our World in Data","UN WPP 2024, processed by Our World in Data",OK,
PAN,591,Panama,NAC,Norteamérica y Caribe,PAIS_SOBERANO,SI,74180.0,2023.0,4571194.0,5630682.0,,"FAOSTAT 2025, processed by Our World in Data","UN WPP 2024, processed by Our World in Data",OK,
PNG,598,Papua New Guinea,APC,Asia-Pacífico,PAIS_SOBERANO,SI,452860.0,2023.0,10762821.0,14906592.0,,"FAOSTAT 2025, processed by Our World in Data","UN WPP 2024, processed by Our World in Data",OK,
PRY,600,Paraguay,SAM,Sudamérica,PAIS_SOBERANO,SI,396012.04,2023.0,7013079.0,8640471.0,,"FAOSTAT 2025, processed by Our World in Data","UN WPP 2024, processed by Our World in Data",OK,
PER,604,Peru,SAM,Sudamérica,PAIS_SOBERANO,SI,1280000.0,2023.0,34576673.0,40583877.0,,"FAOSTAT 2025, processed by Our World in Data","UN WPP 2024, processed by Our World in Data",OK,
PHL,608,Philippines,APC,Asia-Pacífico,PAIS_SOBERANO,SI,298170.0,2023.0,116786960.0,134373432.0,,"FAOSTAT 2025, processed by Our World in Data","UN WPP 2024, processed by Our World in Data",OK,
PCN,612,Pitcairn,APC,Asia-Pacífico,TERRITORIO_DEPENDIENTE,SEGUN_FUENTE,47.0,2023.0,,,,"FAOSTAT 2025, processed by Our World in Data","UN WPP 2024, processed by Our World in Data",REVISAR,
POL,616,Poland,EUR,Europa,PAIS_SOBERANO,SI,306270.0,2023.0,38140913.0,32814092.0,,"FAOSTAT 2025, processed by Our World in Data","UN WPP 2024, processed by Our World in Data",OK,
PRT,620,Portugal,EUR,Europa,PAIS_SOBERANO,SI,91605.6,2023.0,10411831.0,9770270.0,,"FAOSTAT 2025, processed by Our World in Data","UN WPP 2024, processed by Our World in Data",OK,
GNB,624,Guinea-Bissau,AFR,África,PAIS_SOBERANO,SI,28120.0,2023.0,2249521.0,3438608.0,,"FAOSTAT 2025, processed by Our World in Data","UN WPP 2024, processed by Our World in Data",OK,
TLS,626,Timor Oriental,APC,Asia-Pacífico,PAIS_SOBERANO,SI,14870.0,2023.0,1418520.0,1889248.0,,"FAOSTAT 2025, processed by Our World in Data","UN WPP 2024, processed by Our World in Data",OK,
PRI,630,Puerto Rico,NAC,Norteamérica y Caribe,TERRITORIO_DEPENDIENTE,SEGUN_FUENTE,8870.0,2023.0,3235290.0,2503988.0,,"FAOSTAT 2025, processed by Our World in Data","UN WPP 2024, processed by Our World in Data",OK,
QAT,634,Qatar,MDE,Oriente Medio,PAIS_SOBERANO,SI,11490.0,2023.0,3115891.0,4164465.0,,"FAOSTAT 2025, processed by Our World in Data","UN WPP 2024, processed by Our World in Data",OK,
REU,638,Réunion,AFR,África,TERRITORIO_DEPENDIENTE,SEGUN_FUENTE,2510.0,2023.0,882411.0,941421.0,,"FAOSTAT 2025, processed by Our World in Data","UN WPP 2024, processed by Our World in Data",OK,
ROU,642,Romania,EUR,Europa,PAIS_SOBERANO,SI,230080.0,2023.0,18908655.0,16027269.0,,"FAOSTAT 2025, processed by Our World in Data","UN WPP 2024, processed by Our World in Data",OK,
RUS,643,Rusia,RUE,Rusia y Eurasia postsoviética,PAIS_SOBERANO,SI,16376870.0,2023.0,143997393.0,136132783.0,,"FAOSTAT 2025, processed by Our World in Data","UN WPP 2024, processed by Our World in Data",OK,
RWA,646,Rwanda,AFR,África,PAIS_SOBERANO,SI,24670.0,2023.0,14569349.0,22707905.0,,"FAOSTAT 2025, processed by Our World in Data","UN WPP 2024, processed by Our World in Data",OK,
BLM,652,Saint Barthélemy,NAC,Norteamérica y Caribe,TERRITORIO_DEPENDIENTE,SEGUN_FUENTE,20.0,2023.0,11442.0,12810.0,,"FAOSTAT 2025, processed by Our World in Data","UN WPP 2024, processed by Our World in Data",OK,
SHN,654,"Saint Helena, Ascension and Tristan da Cunha",AFR,África,TERRITORIO_DEPENDIENTE,SEGUN_FUENTE,390.0,2023.0,5220.0,3992.0,,"FAOSTAT 2025, processed by Our World in Data","UN WPP 2024, processed by Our World in Data",OK,
KNA,659,Saint Kitts and Nevis,NAC,Norteamérica y Caribe,PAIS_SOBERANO,SI,260.0,2023.0,46945.0,44274.0,,"FAOSTAT 2025, processed by Our World in Data","UN WPP 2024, processed by Our World in Data",OK,
AIA,660,Anguilla,NAC,Norteamérica y Caribe,TERRITORIO_DEPENDIENTE,SEGUN_FUENTE,90.0,2023.0,14750.0,14572.0,,"FAOSTAT 2025, processed by Our World in Data","UN WPP 2024, processed by Our World in Data",OK,
LCA,662,Saint Lucia,NAC,Norteamérica y Caribe,PAIS_SOBERANO,SI,610.0,2023.0,180157.0,172086.0,,"FAOSTAT 2025, processed by Our World in Data","UN WPP 2024, processed by Our World in Data",OK,
MAF,663,Saint Martin (French part),NAC,Norteamérica y Caribe,TERRITORIO_DEPENDIENTE,SEGUN_FUENTE,50.0,2023.0,24964.0,18821.0,,"FAOSTAT 2025, processed by Our World in Data","UN WPP 2024, processed by Our World in Data",OK,
SPM,666,Saint Pierre and Miquelon,NAC,Norteamérica y Caribe,TERRITORIO_DEPENDIENTE,SEGUN_FUENTE,230.0,2023.0,5594.0,4284.0,,"FAOSTAT 2025, processed by Our World in Data","UN WPP 2024, processed by Our World in Data",OK,
VCT,670,Saint Vincent and the Grenadines,NAC,Norteamérica y Caribe,PAIS_SOBERANO,SI,390.0,2023.0,99934.0,88949.0,,"FAOSTAT 2025, processed by Our World in Data","UN WPP 2024, processed by Our World in Data",OK,
SMR,674,San Marino,EUR,Europa,PAIS_SOBERANO,SI,60.0,2023.0,33599.0,33719.0,,"FAOSTAT 2025, processed by Our World in Data","UN WPP 2024, processed by Our World in Data",OK,
STP,678,Sao Tome and Principe,AFR,África,PAIS_SOBERANO,SI,960.0,2023.0,240263.0,365120.0,,"FAOSTAT 2025, processed by Our World in Data","UN WPP 2024, processed by Our World in Data",OK,
SAU,682,Saudi Arabia,MDE,Oriente Medio,PAIS_SOBERANO,SI,2149690.0,2023.0,34566327.0,47693912.0,,"FAOSTAT 2025, processed by Our World in Data","UN WPP 2024, processed by Our World in Data",OK,
SEN,686,Senegal,AFR,África,PAIS_SOBERANO,SI,192530.0,2023.0,18931969.0,30364953.0,,"FAOSTAT 2025, processed by Our World in Data","UN WPP 2024, processed by Our World in Data",OK,
SRB,688,Serbia,EUR,Europa,PAIS_SOBERANO,SI,84090.0,2023.0,6689038.0,5532862.0,,"FAOSTAT 2025, processed by Our World in Data","UN WPP 2024, processed by Our World in Data",OK,
SYC,690,Seychelles,AFR,África,PAIS_SOBERANO,SI,460.0,2023.0,132796.0,141756.0,,"FAOSTAT 2025, processed by Our World in Data","UN WPP 2024, processed by Our World in Data",OK,
SLE,694,Sierra Leone,AFR,África,PAIS_SOBERANO,SI,72180.0,2023.0,8819796.0,12948331.0,,"FAOSTAT 2025, processed by Our World in Data","UN WPP 2024, processed by Our World in Data",OK,
SGP,702,Singapore,APC,Asia-Pacífico,PAIS_SOBERANO,SI,718.0,2023.0,5870749.0,6081693.0,,"FAOSTAT 2025, processed by Our World in Data","UN WPP 2024, processed by Our World in Data",OK,
SVK,703,Slovakia,EUR,Europa,PAIS_SOBERANO,SI,48080.0,2023.0,5474874.0,4936493.0,,"FAOSTAT 2025, processed by Our World in Data","UN WPP 2024, processed by Our World in Data",OK,
VNM,704,Vietnam,APC,Asia-Pacífico,PAIS_SOBERANO,SI,313429.0,2023.0,101598530.0,110008911.0,,"FAOSTAT 2025, processed by Our World in Data","UN WPP 2024, processed by Our World in Data",OK,
SVN,705,Slovenia,EUR,Europa,PAIS_SOBERANO,SI,20134.5,2023.0,2117070.0,1981554.0,,"FAOSTAT 2025, processed by Our World in Data","UN WPP 2024, processed by Our World in Data",OK,
SOM,706,Somalia,AFR,África,PAIS_SOBERANO,SI,627340.0,2023.0,19654743.0,37206509.0,,"FAOSTAT 2025, processed by Our World in Data","UN WPP 2024, processed by Our World in Data",OK,
ZAF,710,South Africa,AFR,África,PAIS_SOBERANO,SI,1213090.0,2023.0,64747319.0,79177332.0,,"FAOSTAT 2025, processed by Our World in Data","UN WPP 2024, processed by Our World in Data",OK,
ZWE,716,Zimbabwe,AFR,África,PAIS_SOBERANO,SI,386850.0,2023.0,16950798.0,25866386.0,,"FAOSTAT 2025, processed by Our World in Data","UN WPP 2024, processed by Our World in Data",OK,
ESP,724,Spain,EUR,Europa,PAIS_SOBERANO,SI,499697.4,2023.0,47889960.0,44928562.0,,"FAOSTAT 2025, processed by Our World in Data","UN WPP 2024, processed by Our World in Data",OK,
SSD,728,South Sudan,AFR,África,PAIS_SOBERANO,SI,631930.0,2023.0,12188798.0,18341975.0,,"FAOSTAT 2025, processed by Our World in Data","UN WPP 2024, processed by Our World in Data",OK,
SDN,729,Sudan,AFR,África,PAIS_SOBERANO,SI,1868000.0,2023.0,51662149.0,85206382.0,,"FAOSTAT 2025, processed by Our World in Data","UN WPP 2024, processed by Our World in Data",OK,
ESH,732,Western Sahara,AFR,África,TERRITORIO_DEPENDIENTE,SEGUN_FUENTE,266000.0,2023.0,600913.0,777321.0,,"FAOSTAT 2025, processed by Our World in Data","UN WPP 2024, processed by Our World in Data",OK,
SUR,740,Suriname,SAM,Sudamérica,PAIS_SOBERANO,SI,160507.61,2023.0,639860.0,733907.0,,"FAOSTAT 2025, processed by Our World in Data","UN WPP 2024, processed by Our World in Data",OK,
SJM,744,Svalbard and Jan Mayen,EUR,Europa,TERRITORIO_DEPENDIENTE,SEGUN_FUENTE,,,,,,"FAOSTAT 2025, processed by Our World in Data","UN WPP 2024, processed by Our World in Data",REVISAR,
SWZ,748,Esuatini,AFR,África,PAIS_SOBERANO,SI,17200.0,2023.0,1256178.0,1505338.0,,"FAOSTAT 2025, processed by Our World in Data","UN WPP 2024, processed by Our World in Data",OK,
SWE,752,Sweden,EUR,Europa,PAIS_SOBERANO,SI,407270.0,2023.0,10656636.0,11309632.0,,"FAOSTAT 2025, processed by Our World in Data","UN WPP 2024, processed by Our World in Data",OK,
CHE,756,Switzerland,EUR,Europa,PAIS_SOBERANO,SI,39509.63,2023.0,8967413.0,9342590.0,,"FAOSTAT 2025, processed by Our World in Data","UN WPP 2024, processed by Our World in Data",OK,
SYR,760,Siria,MDE,Oriente Medio,PAIS_SOBERANO,SI,183630.0,2023.0,25620419.0,37793375.0,,"FAOSTAT 2025, processed by Our World in Data","UN WPP 2024, processed by Our World in Data",OK,
TJK,762,Tajikistan,RUE,Rusia y Eurasia postsoviética,PAIS_SOBERANO,SI,138790.0,2023.0,10786738.0,15574648.0,,"FAOSTAT 2025, processed by Our World in Data","UN WPP 2024, processed by Our World in Data",OK,
THA,764,Thailand,APC,Asia-Pacífico,PAIS_SOBERANO,SI,510890.0,2023.0,71619866.0,66382731.0,,"FAOSTAT 2025, processed by Our World in Data","UN WPP 2024, processed by Our World in Data",OK,
TGO,768,Togo,AFR,África,PAIS_SOBERANO,SI,54390.0,2023.0,8591630.0,13960022.0,,"FAOSTAT 2025, processed by Our World in Data","UN WPP 2024, processed by Our World in Data",OK,
TKL,772,Tokelau,APC,Asia-Pacífico,TERRITORIO_DEPENDIENTE,SEGUN_FUENTE,10.0,2023.0,2632.0,3844.0,,"FAOSTAT 2025, processed by Our World in Data","UN WPP 2024, processed by Our World in Data",OK,
TON,776,Tonga,APC,Asia-Pacífico,PAIS_SOBERANO,SI,720.0,2023.0,103759.0,105205.0,,"FAOSTAT 2025, processed by Our World in Data","UN WPP 2024, processed by Our World in Data",OK,
TTO,780,Trinidad and Tobago,NAC,Norteamérica y Caribe,PAIS_SOBERANO,SI,5130.0,2023.0,1511164.0,1399799.0,,"FAOSTAT 2025, processed by Our World in Data","UN WPP 2024, processed by Our World in Data",OK,
ARE,784,United Arab Emirates,MDE,Oriente Medio,PAIS_SOBERANO,SI,71020.0,2023.0,11346006.0,15367397.0,,"FAOSTAT 2025, processed by Our World in Data","UN WPP 2024, processed by Our World in Data",OK,
TUN,788,Tunisia,AFR,África,PAIS_SOBERANO,SI,155360.0,2023.0,12348576.0,13145140.0,,"FAOSTAT 2025, processed by Our World in Data","UN WPP 2024, processed by Our World in Data",OK,
TUR,792,Turquía,MDE,Oriente Medio,PAIS_SOBERANO,SI,769630.0,2023.0,87685427.0,91258068.0,,"FAOSTAT 2025, processed by Our World in Data","UN WPP 2024, processed by Our World in Data",OK,
TKM,795,Turkmenistan,RUE,Rusia y Eurasia postsoviética,PAIS_SOBERANO,SI,469930.0,2023.0,7618852.0,9639706.0,,"FAOSTAT 2025, processed by Our World in Data","UN WPP 2024, processed by Our World in Data",OK,
TCA,796,Turks and Caicos Islands,NAC,Norteamérica y Caribe,TERRITORIO_DEPENDIENTE,SEGUN_FUENTE,950.0,2023.0,46880.0,51013.0,,"FAOSTAT 2025, processed by Our World in Data","UN WPP 2024, processed by Our World in Data",OK,
TUV,798,Tuvalu,APC,Asia-Pacífico,PAIS_SOBERANO,SI,30.0,2023.0,9516.0,9802.0,,"FAOSTAT 2025, processed by Our World in Data","UN WPP 2024, processed by Our World in Data",OK,
UGA,800,Uganda,AFR,África,PAIS_SOBERANO,SI,200520.0,2023.0,51384893.0,85431201.0,,"FAOSTAT 2025, processed by Our World in Data","UN WPP 2024, processed by Our World in Data",OK,
UKR,804,Ukraine,EUR,Europa,PAIS_SOBERANO,SI,579400.0,2023.0,38980380.0,31990136.0,,"FAOSTAT 2025, processed by Our World in Data","UN WPP 2024, processed by Our World in Data",OK,
MKD,807,North Macedonia,EUR,Europa,PAIS_SOBERANO,SI,25220.0,2023.0,1813792.0,1512685.0,,"FAOSTAT 2025, processed by Our World in Data","UN WPP 2024, processed by Our World in Data",OK,
EGY,818,Egypt,AFR,África,PAIS_SOBERANO,SI,995450.0,2023.0,118365995.0,161630196.0,,"FAOSTAT 2025, processed by Our World in Data","UN WPP 2024, processed by Our World in Data",OK,
GBR,826,Reino Unido,EUR,Europa,PAIS_SOBERANO,SI,241930.0,2023.0,69551334.0,75504685.0,,"FAOSTAT 2025, processed by Our World in Data","UN WPP 2024, processed by Our World in Data",OK,
GGY,831,Guernsey,EUR,Europa,TERRITORIO_DEPENDIENTE,SEGUN_FUENTE,,,64498.0,62823.0,,"FAOSTAT 2025, processed by Our World in Data","UN WPP 2024, processed by Our World in Data",REVISAR,
JEY,832,Jersey,EUR,Europa,TERRITORIO_DEPENDIENTE,SEGUN_FUENTE,,,104002.0,104780.0,,"FAOSTAT 2025, processed by Our World in Data","UN WPP 2024, processed by Our World in Data",REVISAR,
IMN,833,Isle of Man,EUR,Europa,TERRITORIO_DEPENDIENTE,SEGUN_FUENTE,570.0,2023.0,84135.0,77990.0,,"FAOSTAT 2025, processed by Our World in Data","UN WPP 2024, processed by Our World in Data",OK,
TZA,834,Tanzania,AFR,África,PAIS_SOBERANO,SI,885800.0,2023.0,70545863.0,129621091.0,,"FAOSTAT 2025, processed by Our World in Data","UN WPP 2024, processed by Our World in Data",OK,
USA,840,Estados Unidos,NAC,Norteamérica y Caribe,PAIS_SOBERANO,SI,9147420.0,2023.0,347275809.0,380846905.0,,"FAOSTAT 2025, processed by Our World in Data","UN WPP 2024, processed by Our World in Data",OK,
VIR,850,"Virgin Islands, U.S.",NAC,Norteamérica y Caribe,TERRITORIO_DEPENDIENTE,SEGUN_FUENTE,350.0,2023.0,84151.0,71244.0,,"FAOSTAT 2025, processed by Our World in Data","UN WPP 2024, processed by Our World in Data",OK,
BFA,854,Burkina Faso,AFR,África,PAIS_SOBERANO,SI,273600.0,2023.0,24074582.0,37304387.0,,"FAOSTAT 2025, processed by Our World in Data","UN WPP 2024, processed by Our World in Data",OK,
URY,858,Uruguay,SAM,Sudamérica,PAIS_SOBERANO,SI,175020.0,2023.0,3384686.0,3254355.0,,"FAOSTAT 2025, processed by Our World in Data","UN WPP 2024, processed by Our World in Data",OK,
UZB,860,Uzbekistan,RUE,Rusia y Eurasia postsoviética,PAIS_SOBERANO,SI,440650.0,2023.0,37053428.0,52210751.0,,"FAOSTAT 2025, processed by Our World in Data","UN WPP 2024, processed by Our World in Data",OK,
VEN,862,Venezuela,SAM,Sudamérica,PAIS_SOBERANO,SI,882050.0,2023.0,28516900.0,31094887.0,,"FAOSTAT 2025, processed by Our World in Data","UN WPP 2024, processed by Our World in Data",OK,
WLF,876,Wallis and Futuna,APC,Asia-Pacífico,TERRITORIO_DEPENDIENTE,SEGUN_FUENTE,142.0,2023.0,11222.0,10171.0,,"FAOSTAT 2025, processed by Our World in Data","UN WPP 2024, processed by Our World in Data",OK,
WSM,882,Samoa,APC,Asia-Pacífico,PAIS_SOBERANO,SI,2780.0,2023.0,219315.0,272728.0,,"FAOSTAT 2025, processed by Our World in Data","UN WPP 2024, processed by Our World in Data",OK,
YEM,887,Yemen,MDE,Oriente Medio,PAIS_SOBERANO,SI,527970.0,2023.0,41773881.0,70976407.0,,"FAOSTAT 2025, processed by Our World in Data","UN WPP 2024, processed by Our World in Data",OK,
ZMB,894,Zambia,AFR,África,PAIS_SOBERANO,SI,743390.0,2023.0,21913878.0,38083384.0,,"FAOSTAT 2025, processed by Our World in Data","UN WPP 2024, processed by Our World in Data",OK,
XKX,,Kosovo,EUR,Europa,ENTIDAD_ESTADISTICA,SEGUN_FUENTE,,,,,,"FAOSTAT 2025, processed by Our World in Data","UN WPP 2024, processed by Our World in Data",REVISAR,
